--
-- PostgreSQL database dump
--

-- Dumped from database version 14.9 (Ubuntu 14.9-0ubuntu0.22.04.1)
-- Dumped by pg_dump version 16.1

-- Started on 2024-05-18 12:48:16

SET statement_timeout = 0;
SET lock_timeout = 0;
SET idle_in_transaction_session_timeout = 0;
SET client_encoding = 'UTF8';
SET standard_conforming_strings = on;
SELECT pg_catalog.set_config('search_path', '', false);
SET check_function_bodies = false;
SET xmloption = content;
SET client_min_messages = warning;
SET row_security = off;

--
-- TOC entry 4 (class 2615 OID 2200)
-- Name: public; Type: SCHEMA; Schema: -; Owner: postgres
--

-- *not* creating schema, since initdb creates it


ALTER SCHEMA public OWNER TO postgres;

SET default_tablespace = '';

SET default_table_access_method = heap;

--
-- TOC entry 220 (class 1259 OID 16474)
-- Name: ege_profile; Type: TABLE; Schema: public; Owner: postgres
--

CREATE TABLE public.ege_profile (
    ege_id integer,
    profile_id integer,
    is_required boolean,
    id integer NOT NULL
);


ALTER TABLE public.ege_profile OWNER TO postgres;

--
-- TOC entry 224 (class 1259 OID 16519)
-- Name: ege_program_id_seq; Type: SEQUENCE; Schema: public; Owner: postgres
--

ALTER TABLE public.ege_profile ALTER COLUMN id ADD GENERATED ALWAYS AS IDENTITY (
    SEQUENCE NAME public.ege_program_id_seq
    START WITH 1
    INCREMENT BY 1
    NO MINVALUE
    NO MAXVALUE
    CACHE 1
);


--
-- TOC entry 209 (class 1259 OID 16388)
-- Name: groups; Type: TABLE; Schema: public; Owner: postgres
--

CREATE TABLE public.groups (
    group_id integer NOT NULL,
    "group" integer NOT NULL
);


ALTER TABLE public.groups OWNER TO postgres;

--
-- TOC entry 217 (class 1259 OID 16448)
-- Name: groups_name; Type: TABLE; Schema: public; Owner: postgres
--

CREATE TABLE public.groups_name (
    "group" integer NOT NULL,
    name character varying
);


ALTER TABLE public.groups_name OWNER TO postgres;

--
-- TOC entry 210 (class 1259 OID 16391)
-- Name: popular_public; Type: TABLE; Schema: public; Owner: postgres
--

CREATE TABLE public.popular_public (
    public character varying(80) NOT NULL
);


ALTER TABLE public.popular_public OWNER TO postgres;

--
-- TOC entry 211 (class 1259 OID 16394)
-- Name: professions; Type: TABLE; Schema: public; Owner: postgres
--

CREATE TABLE public.professions (
    id integer NOT NULL,
    professions character varying(500) NOT NULL,
    program_id integer NOT NULL
);


ALTER TABLE public.professions OWNER TO postgres;

--
-- TOC entry 212 (class 1259 OID 16399)
-- Name: professions_id_seq; Type: SEQUENCE; Schema: public; Owner: postgres
--

ALTER TABLE public.professions ALTER COLUMN id ADD GENERATED ALWAYS AS IDENTITY (
    SEQUENCE NAME public.professions_id_seq
    START WITH 1
    INCREMENT BY 1
    NO MINVALUE
    NO MAXVALUE
    CACHE 1
);


--
-- TOC entry 218 (class 1259 OID 16455)
-- Name: profiles; Type: TABLE; Schema: public; Owner: postgres
--

CREATE TABLE public.profiles (
    id integer NOT NULL,
    name character varying,
    program_id integer,
    is_ochno boolean DEFAULT false,
    is_zaochno boolean DEFAULT false,
    is_ochzaoch boolean DEFAULT false
);


ALTER TABLE public.profiles OWNER TO postgres;

--
-- TOC entry 213 (class 1259 OID 16400)
-- Name: programs; Type: TABLE; Schema: public; Owner: postgres
--

CREATE TABLE public.programs (
    program_id integer NOT NULL,
    program character varying(500) NOT NULL,
    "group" integer NOT NULL,
    is_in_agu boolean
);


ALTER TABLE public.programs OWNER TO postgres;

--
-- TOC entry 214 (class 1259 OID 16405)
-- Name: programs_program_id_seq; Type: SEQUENCE; Schema: public; Owner: postgres
--

ALTER TABLE public.programs ALTER COLUMN program_id ADD GENERATED BY DEFAULT AS IDENTITY (
    SEQUENCE NAME public.programs_program_id_seq
    START WITH 1
    INCREMENT BY 1
    NO MINVALUE
    NO MAXVALUE
    CACHE 1
);


--
-- TOC entry 215 (class 1259 OID 16406)
-- Name: questions; Type: TABLE; Schema: public; Owner: postgres
--

CREATE TABLE public.questions (
    questions character varying(500) NOT NULL,
    program_id integer NOT NULL
);


ALTER TABLE public.questions OWNER TO postgres;

--
-- TOC entry 222 (class 1259 OID 16496)
-- Name: spo_profile; Type: TABLE; Schema: public; Owner: postgres
--

CREATE TABLE public.spo_profile (
    spo_id integer,
    profile_id integer,
    is_required boolean,
    id integer NOT NULL
);


ALTER TABLE public.spo_profile OWNER TO postgres;

--
-- TOC entry 225 (class 1259 OID 16530)
-- Name: spo_profile_id_seq; Type: SEQUENCE; Schema: public; Owner: postgres
--

ALTER TABLE public.spo_profile ALTER COLUMN id ADD GENERATED ALWAYS AS IDENTITY (
    SEQUENCE NAME public.spo_profile_id_seq
    START WITH 1
    INCREMENT BY 1
    NO MINVALUE
    NO MAXVALUE
    CACHE 1
);


--
-- TOC entry 216 (class 1259 OID 16409)
-- Name: subjects; Type: TABLE; Schema: public; Owner: postgres
--

CREATE TABLE public.subjects (
    subject character varying(500) NOT NULL,
    program_id integer NOT NULL
);


ALTER TABLE public.subjects OWNER TO postgres;

--
-- TOC entry 219 (class 1259 OID 16467)
-- Name: subjects_ege; Type: TABLE; Schema: public; Owner: postgres
--

CREATE TABLE public.subjects_ege (
    id integer NOT NULL,
    name character varying
);


ALTER TABLE public.subjects_ege OWNER TO postgres;

--
-- TOC entry 221 (class 1259 OID 16489)
-- Name: subjects_spo; Type: TABLE; Schema: public; Owner: postgres
--

CREATE TABLE public.subjects_spo (
    id integer NOT NULL,
    name character varying
);


ALTER TABLE public.subjects_spo OWNER TO postgres;

--
-- TOC entry 223 (class 1259 OID 16518)
-- Name: subjects_spo_id_seq; Type: SEQUENCE; Schema: public; Owner: postgres
--

ALTER TABLE public.subjects_spo ALTER COLUMN id ADD GENERATED ALWAYS AS IDENTITY (
    SEQUENCE NAME public.subjects_spo_id_seq
    START WITH 1
    INCREMENT BY 1
    NO MINVALUE
    NO MAXVALUE
    CACHE 1
);


--
-- TOC entry 3404 (class 0 OID 16474)
-- Dependencies: 220
-- Data for Name: ege_profile; Type: TABLE DATA; Schema: public; Owner: postgres
--

INSERT INTO public.ege_profile (ege_id, profile_id, is_required, id) OVERRIDING SYSTEM VALUE VALUES (7, 1, true, 15);
INSERT INTO public.ege_profile (ege_id, profile_id, is_required, id) OVERRIDING SYSTEM VALUE VALUES (9, 1, true, 16);
INSERT INTO public.ege_profile (ege_id, profile_id, is_required, id) OVERRIDING SYSTEM VALUE VALUES (11, 2, true, 21);
INSERT INTO public.ege_profile (ege_id, profile_id, is_required, id) OVERRIDING SYSTEM VALUE VALUES (9, 2, true, 22);
INSERT INTO public.ege_profile (ege_id, profile_id, is_required, id) OVERRIDING SYSTEM VALUE VALUES (11, 3, true, 25);
INSERT INTO public.ege_profile (ege_id, profile_id, is_required, id) OVERRIDING SYSTEM VALUE VALUES (9, 3, true, 26);
INSERT INTO public.ege_profile (ege_id, profile_id, is_required, id) OVERRIDING SYSTEM VALUE VALUES (9, 4, true, 32);
INSERT INTO public.ege_profile (ege_id, profile_id, is_required, id) OVERRIDING SYSTEM VALUE VALUES (7, 4, true, 33);
INSERT INTO public.ege_profile (ege_id, profile_id, is_required, id) OVERRIDING SYSTEM VALUE VALUES (7, 5, true, 34);
INSERT INTO public.ege_profile (ege_id, profile_id, is_required, id) OVERRIDING SYSTEM VALUE VALUES (9, 5, true, 35);
INSERT INTO public.ege_profile (ege_id, profile_id, is_required, id) OVERRIDING SYSTEM VALUE VALUES (7, 6, true, 41);
INSERT INTO public.ege_profile (ege_id, profile_id, is_required, id) OVERRIDING SYSTEM VALUE VALUES (9, 6, true, 42);
INSERT INTO public.ege_profile (ege_id, profile_id, is_required, id) OVERRIDING SYSTEM VALUE VALUES (9, 7, true, 53);
INSERT INTO public.ege_profile (ege_id, profile_id, is_required, id) OVERRIDING SYSTEM VALUE VALUES (7, 7, true, 54);
INSERT INTO public.ege_profile (ege_id, profile_id, is_required, id) OVERRIDING SYSTEM VALUE VALUES (9, 8, true, 58);
INSERT INTO public.ege_profile (ege_id, profile_id, is_required, id) OVERRIDING SYSTEM VALUE VALUES (2, 8, true, 59);
INSERT INTO public.ege_profile (ege_id, profile_id, is_required, id) OVERRIDING SYSTEM VALUE VALUES (9, 9, true, 65);
INSERT INTO public.ege_profile (ege_id, profile_id, is_required, id) OVERRIDING SYSTEM VALUE VALUES (2, 9, true, 66);
INSERT INTO public.ege_profile (ege_id, profile_id, is_required, id) OVERRIDING SYSTEM VALUE VALUES (9, 10, true, 73);
INSERT INTO public.ege_profile (ege_id, profile_id, is_required, id) OVERRIDING SYSTEM VALUE VALUES (1, 10, true, 74);
INSERT INTO public.ege_profile (ege_id, profile_id, is_required, id) OVERRIDING SYSTEM VALUE VALUES (9, 11, true, 81);
INSERT INTO public.ege_profile (ege_id, profile_id, is_required, id) OVERRIDING SYSTEM VALUE VALUES (1, 11, true, 82);
INSERT INTO public.ege_profile (ege_id, profile_id, is_required, id) OVERRIDING SYSTEM VALUE VALUES (9, 12, true, 83);
INSERT INTO public.ege_profile (ege_id, profile_id, is_required, id) OVERRIDING SYSTEM VALUE VALUES (7, 12, true, 84);
INSERT INTO public.ege_profile (ege_id, profile_id, is_required, id) OVERRIDING SYSTEM VALUE VALUES (12, 12, true, 85);
INSERT INTO public.ege_profile (ege_id, profile_id, is_required, id) OVERRIDING SYSTEM VALUE VALUES (9, 13, true, 88);
INSERT INTO public.ege_profile (ege_id, profile_id, is_required, id) OVERRIDING SYSTEM VALUE VALUES (7, 13, true, 89);
INSERT INTO public.ege_profile (ege_id, profile_id, is_required, id) OVERRIDING SYSTEM VALUE VALUES (9, 14, true, 92);
INSERT INTO public.ege_profile (ege_id, profile_id, is_required, id) OVERRIDING SYSTEM VALUE VALUES (7, 14, true, 93);
INSERT INTO public.ege_profile (ege_id, profile_id, is_required, id) OVERRIDING SYSTEM VALUE VALUES (9, 15, true, 98);
INSERT INTO public.ege_profile (ege_id, profile_id, is_required, id) OVERRIDING SYSTEM VALUE VALUES (7, 15, true, 99);
INSERT INTO public.ege_profile (ege_id, profile_id, is_required, id) OVERRIDING SYSTEM VALUE VALUES (9, 16, true, 102);
INSERT INTO public.ege_profile (ege_id, profile_id, is_required, id) OVERRIDING SYSTEM VALUE VALUES (7, 16, true, 103);
INSERT INTO public.ege_profile (ege_id, profile_id, is_required, id) OVERRIDING SYSTEM VALUE VALUES (9, 17, true, 106);
INSERT INTO public.ege_profile (ege_id, profile_id, is_required, id) OVERRIDING SYSTEM VALUE VALUES (7, 17, true, 107);
INSERT INTO public.ege_profile (ege_id, profile_id, is_required, id) OVERRIDING SYSTEM VALUE VALUES (9, 18, true, 111);
INSERT INTO public.ege_profile (ege_id, profile_id, is_required, id) OVERRIDING SYSTEM VALUE VALUES (7, 18, true, 112);
INSERT INTO public.ege_profile (ege_id, profile_id, is_required, id) OVERRIDING SYSTEM VALUE VALUES (9, 19, true, 115);
INSERT INTO public.ege_profile (ege_id, profile_id, is_required, id) OVERRIDING SYSTEM VALUE VALUES (7, 19, true, 116);
INSERT INTO public.ege_profile (ege_id, profile_id, is_required, id) OVERRIDING SYSTEM VALUE VALUES (9, 20, true, 119);
INSERT INTO public.ege_profile (ege_id, profile_id, is_required, id) OVERRIDING SYSTEM VALUE VALUES (7, 20, true, 120);
INSERT INTO public.ege_profile (ege_id, profile_id, is_required, id) OVERRIDING SYSTEM VALUE VALUES (9, 21, true, 123);
INSERT INTO public.ege_profile (ege_id, profile_id, is_required, id) OVERRIDING SYSTEM VALUE VALUES (7, 21, true, 124);
INSERT INTO public.ege_profile (ege_id, profile_id, is_required, id) OVERRIDING SYSTEM VALUE VALUES (9, 22, true, 129);
INSERT INTO public.ege_profile (ege_id, profile_id, is_required, id) OVERRIDING SYSTEM VALUE VALUES (7, 22, true, 130);
INSERT INTO public.ege_profile (ege_id, profile_id, is_required, id) OVERRIDING SYSTEM VALUE VALUES (9, 23, true, 135);
INSERT INTO public.ege_profile (ege_id, profile_id, is_required, id) OVERRIDING SYSTEM VALUE VALUES (7, 23, true, 136);
INSERT INTO public.ege_profile (ege_id, profile_id, is_required, id) OVERRIDING SYSTEM VALUE VALUES (9, 24, true, 140);
INSERT INTO public.ege_profile (ege_id, profile_id, is_required, id) OVERRIDING SYSTEM VALUE VALUES (7, 24, true, 141);
INSERT INTO public.ege_profile (ege_id, profile_id, is_required, id) OVERRIDING SYSTEM VALUE VALUES (9, 25, true, 144);
INSERT INTO public.ege_profile (ege_id, profile_id, is_required, id) OVERRIDING SYSTEM VALUE VALUES (7, 25, true, 145);
INSERT INTO public.ege_profile (ege_id, profile_id, is_required, id) OVERRIDING SYSTEM VALUE VALUES (9, 26, true, 148);
INSERT INTO public.ege_profile (ege_id, profile_id, is_required, id) OVERRIDING SYSTEM VALUE VALUES (7, 26, true, 149);
INSERT INTO public.ege_profile (ege_id, profile_id, is_required, id) OVERRIDING SYSTEM VALUE VALUES (9, 27, true, 153);
INSERT INTO public.ege_profile (ege_id, profile_id, is_required, id) OVERRIDING SYSTEM VALUE VALUES (1, 27, true, 154);
INSERT INTO public.ege_profile (ege_id, profile_id, is_required, id) OVERRIDING SYSTEM VALUE VALUES (1, 28, true, 155);
INSERT INTO public.ege_profile (ege_id, profile_id, is_required, id) OVERRIDING SYSTEM VALUE VALUES (9, 28, true, 156);
INSERT INTO public.ege_profile (ege_id, profile_id, is_required, id) OVERRIDING SYSTEM VALUE VALUES (1, 29, true, 160);
INSERT INTO public.ege_profile (ege_id, profile_id, is_required, id) OVERRIDING SYSTEM VALUE VALUES (9, 29, true, 161);
INSERT INTO public.ege_profile (ege_id, profile_id, is_required, id) OVERRIDING SYSTEM VALUE VALUES (9, 30, true, 167);
INSERT INTO public.ege_profile (ege_id, profile_id, is_required, id) OVERRIDING SYSTEM VALUE VALUES (1, 30, true, 168);
INSERT INTO public.ege_profile (ege_id, profile_id, is_required, id) OVERRIDING SYSTEM VALUE VALUES (9, 31, true, 171);
INSERT INTO public.ege_profile (ege_id, profile_id, is_required, id) OVERRIDING SYSTEM VALUE VALUES (1, 31, true, 172);
INSERT INTO public.ege_profile (ege_id, profile_id, is_required, id) OVERRIDING SYSTEM VALUE VALUES (9, 32, true, 176);
INSERT INTO public.ege_profile (ege_id, profile_id, is_required, id) OVERRIDING SYSTEM VALUE VALUES (1, 32, true, 177);
INSERT INTO public.ege_profile (ege_id, profile_id, is_required, id) OVERRIDING SYSTEM VALUE VALUES (9, 33, true, 181);
INSERT INTO public.ege_profile (ege_id, profile_id, is_required, id) OVERRIDING SYSTEM VALUE VALUES (1, 33, true, 182);
INSERT INTO public.ege_profile (ege_id, profile_id, is_required, id) OVERRIDING SYSTEM VALUE VALUES (9, 34, true, 183);
INSERT INTO public.ege_profile (ege_id, profile_id, is_required, id) OVERRIDING SYSTEM VALUE VALUES (8, 34, true, 184);
INSERT INTO public.ege_profile (ege_id, profile_id, is_required, id) OVERRIDING SYSTEM VALUE VALUES (7, 34, true, 185);
INSERT INTO public.ege_profile (ege_id, profile_id, is_required, id) OVERRIDING SYSTEM VALUE VALUES (7, 35, true, 186);
INSERT INTO public.ege_profile (ege_id, profile_id, is_required, id) OVERRIDING SYSTEM VALUE VALUES (8, 35, true, 187);
INSERT INTO public.ege_profile (ege_id, profile_id, is_required, id) OVERRIDING SYSTEM VALUE VALUES (9, 35, true, 188);
INSERT INTO public.ege_profile (ege_id, profile_id, is_required, id) OVERRIDING SYSTEM VALUE VALUES (7, 36, true, 189);
INSERT INTO public.ege_profile (ege_id, profile_id, is_required, id) OVERRIDING SYSTEM VALUE VALUES (8, 36, true, 190);
INSERT INTO public.ege_profile (ege_id, profile_id, is_required, id) OVERRIDING SYSTEM VALUE VALUES (9, 36, true, 191);
INSERT INTO public.ege_profile (ege_id, profile_id, is_required, id) OVERRIDING SYSTEM VALUE VALUES (7, 37, true, 192);
INSERT INTO public.ege_profile (ege_id, profile_id, is_required, id) OVERRIDING SYSTEM VALUE VALUES (8, 37, true, 193);
INSERT INTO public.ege_profile (ege_id, profile_id, is_required, id) OVERRIDING SYSTEM VALUE VALUES (9, 37, true, 194);
INSERT INTO public.ege_profile (ege_id, profile_id, is_required, id) OVERRIDING SYSTEM VALUE VALUES (7, 38, true, 195);
INSERT INTO public.ege_profile (ege_id, profile_id, is_required, id) OVERRIDING SYSTEM VALUE VALUES (8, 38, true, 196);
INSERT INTO public.ege_profile (ege_id, profile_id, is_required, id) OVERRIDING SYSTEM VALUE VALUES (9, 38, true, 197);
INSERT INTO public.ege_profile (ege_id, profile_id, is_required, id) OVERRIDING SYSTEM VALUE VALUES (7, 39, true, 198);
INSERT INTO public.ege_profile (ege_id, profile_id, is_required, id) OVERRIDING SYSTEM VALUE VALUES (8, 39, true, 199);
INSERT INTO public.ege_profile (ege_id, profile_id, is_required, id) OVERRIDING SYSTEM VALUE VALUES (9, 39, true, 200);
INSERT INTO public.ege_profile (ege_id, profile_id, is_required, id) OVERRIDING SYSTEM VALUE VALUES (9, 40, true, 204);
INSERT INTO public.ege_profile (ege_id, profile_id, is_required, id) OVERRIDING SYSTEM VALUE VALUES (8, 40, true, 205);
INSERT INTO public.ege_profile (ege_id, profile_id, is_required, id) OVERRIDING SYSTEM VALUE VALUES (8, 41, true, 206);
INSERT INTO public.ege_profile (ege_id, profile_id, is_required, id) OVERRIDING SYSTEM VALUE VALUES (9, 41, true, 207);
INSERT INTO public.ege_profile (ege_id, profile_id, is_required, id) OVERRIDING SYSTEM VALUE VALUES (9, 42, true, 215);
INSERT INTO public.ege_profile (ege_id, profile_id, is_required, id) OVERRIDING SYSTEM VALUE VALUES (5, 42, true, 216);
INSERT INTO public.ege_profile (ege_id, profile_id, is_required, id) OVERRIDING SYSTEM VALUE VALUES (9, 43, true, 220);
INSERT INTO public.ege_profile (ege_id, profile_id, is_required, id) OVERRIDING SYSTEM VALUE VALUES (5, 43, true, 221);
INSERT INTO public.ege_profile (ege_id, profile_id, is_required, id) OVERRIDING SYSTEM VALUE VALUES (9, 44, true, 222);
INSERT INTO public.ege_profile (ege_id, profile_id, is_required, id) OVERRIDING SYSTEM VALUE VALUES (8, 44, true, 223);
INSERT INTO public.ege_profile (ege_id, profile_id, is_required, id) OVERRIDING SYSTEM VALUE VALUES (5, 44, true, 224);
INSERT INTO public.ege_profile (ege_id, profile_id, is_required, id) OVERRIDING SYSTEM VALUE VALUES (9, 45, true, 227);
INSERT INTO public.ege_profile (ege_id, profile_id, is_required, id) OVERRIDING SYSTEM VALUE VALUES (8, 45, true, 228);
INSERT INTO public.ege_profile (ege_id, profile_id, is_required, id) OVERRIDING SYSTEM VALUE VALUES (9, 46, true, 229);
INSERT INTO public.ege_profile (ege_id, profile_id, is_required, id) OVERRIDING SYSTEM VALUE VALUES (8, 46, true, 230);
INSERT INTO public.ege_profile (ege_id, profile_id, is_required, id) OVERRIDING SYSTEM VALUE VALUES (5, 46, true, 231);
INSERT INTO public.ege_profile (ege_id, profile_id, is_required, id) OVERRIDING SYSTEM VALUE VALUES (9, 47, true, 232);
INSERT INTO public.ege_profile (ege_id, profile_id, is_required, id) OVERRIDING SYSTEM VALUE VALUES (8, 47, true, 233);
INSERT INTO public.ege_profile (ege_id, profile_id, is_required, id) OVERRIDING SYSTEM VALUE VALUES (5, 47, true, 234);
INSERT INTO public.ege_profile (ege_id, profile_id, is_required, id) OVERRIDING SYSTEM VALUE VALUES (5, 48, true, 235);
INSERT INTO public.ege_profile (ege_id, profile_id, is_required, id) OVERRIDING SYSTEM VALUE VALUES (8, 48, true, 236);
INSERT INTO public.ege_profile (ege_id, profile_id, is_required, id) OVERRIDING SYSTEM VALUE VALUES (9, 48, true, 237);
INSERT INTO public.ege_profile (ege_id, profile_id, is_required, id) OVERRIDING SYSTEM VALUE VALUES (9, 49, true, 240);
INSERT INTO public.ege_profile (ege_id, profile_id, is_required, id) OVERRIDING SYSTEM VALUE VALUES (5, 49, true, 241);
INSERT INTO public.ege_profile (ege_id, profile_id, is_required, id) OVERRIDING SYSTEM VALUE VALUES (5, 50, true, 242);
INSERT INTO public.ege_profile (ege_id, profile_id, is_required, id) OVERRIDING SYSTEM VALUE VALUES (9, 50, true, 243);
INSERT INTO public.ege_profile (ege_id, profile_id, is_required, id) OVERRIDING SYSTEM VALUE VALUES (5, 51, true, 246);
INSERT INTO public.ege_profile (ege_id, profile_id, is_required, id) OVERRIDING SYSTEM VALUE VALUES (9, 51, true, 247);
INSERT INTO public.ege_profile (ege_id, profile_id, is_required, id) OVERRIDING SYSTEM VALUE VALUES (5, 52, true, 250);
INSERT INTO public.ege_profile (ege_id, profile_id, is_required, id) OVERRIDING SYSTEM VALUE VALUES (9, 52, true, 251);
INSERT INTO public.ege_profile (ege_id, profile_id, is_required, id) OVERRIDING SYSTEM VALUE VALUES (9, 53, true, 256);
INSERT INTO public.ege_profile (ege_id, profile_id, is_required, id) OVERRIDING SYSTEM VALUE VALUES (8, 53, true, 257);
INSERT INTO public.ege_profile (ege_id, profile_id, is_required, id) OVERRIDING SYSTEM VALUE VALUES (9, 54, true, 258);
INSERT INTO public.ege_profile (ege_id, profile_id, is_required, id) OVERRIDING SYSTEM VALUE VALUES (6, 54, true, 259);
INSERT INTO public.ege_profile (ege_id, profile_id, is_required, id) OVERRIDING SYSTEM VALUE VALUES (13, 54, true, 260);
INSERT INTO public.ege_profile (ege_id, profile_id, is_required, id) OVERRIDING SYSTEM VALUE VALUES (13, 55, true, 261);
INSERT INTO public.ege_profile (ege_id, profile_id, is_required, id) OVERRIDING SYSTEM VALUE VALUES (6, 55, true, 262);
INSERT INTO public.ege_profile (ege_id, profile_id, is_required, id) OVERRIDING SYSTEM VALUE VALUES (9, 55, true, 263);
INSERT INTO public.ege_profile (ege_id, profile_id, is_required, id) OVERRIDING SYSTEM VALUE VALUES (9, 56, true, 264);
INSERT INTO public.ege_profile (ege_id, profile_id, is_required, id) OVERRIDING SYSTEM VALUE VALUES (8, 56, true, 265);
INSERT INTO public.ege_profile (ege_id, profile_id, is_required, id) OVERRIDING SYSTEM VALUE VALUES (5, 56, true, 266);
INSERT INTO public.ege_profile (ege_id, profile_id, is_required, id) OVERRIDING SYSTEM VALUE VALUES (9, 57, true, 270);
INSERT INTO public.ege_profile (ege_id, profile_id, is_required, id) OVERRIDING SYSTEM VALUE VALUES (8, 57, true, 271);
INSERT INTO public.ege_profile (ege_id, profile_id, is_required, id) OVERRIDING SYSTEM VALUE VALUES (9, 58, true, 272);
INSERT INTO public.ege_profile (ege_id, profile_id, is_required, id) OVERRIDING SYSTEM VALUE VALUES (8, 58, true, 273);
INSERT INTO public.ege_profile (ege_id, profile_id, is_required, id) OVERRIDING SYSTEM VALUE VALUES (5, 58, true, 274);
INSERT INTO public.ege_profile (ege_id, profile_id, is_required, id) OVERRIDING SYSTEM VALUE VALUES (9, 59, true, 275);
INSERT INTO public.ege_profile (ege_id, profile_id, is_required, id) OVERRIDING SYSTEM VALUE VALUES (8, 59, true, 276);
INSERT INTO public.ege_profile (ege_id, profile_id, is_required, id) OVERRIDING SYSTEM VALUE VALUES (6, 59, true, 277);
INSERT INTO public.ege_profile (ege_id, profile_id, is_required, id) OVERRIDING SYSTEM VALUE VALUES (9, 60, true, 278);
INSERT INTO public.ege_profile (ege_id, profile_id, is_required, id) OVERRIDING SYSTEM VALUE VALUES (8, 60, true, 279);
INSERT INTO public.ege_profile (ege_id, profile_id, is_required, id) OVERRIDING SYSTEM VALUE VALUES (14, 60, true, 280);
INSERT INTO public.ege_profile (ege_id, profile_id, is_required, id) OVERRIDING SYSTEM VALUE VALUES (9, 61, true, 287);
INSERT INTO public.ege_profile (ege_id, profile_id, is_required, id) OVERRIDING SYSTEM VALUE VALUES (8, 61, true, 288);
INSERT INTO public.ege_profile (ege_id, profile_id, is_required, id) OVERRIDING SYSTEM VALUE VALUES (9, 62, true, 292);
INSERT INTO public.ege_profile (ege_id, profile_id, is_required, id) OVERRIDING SYSTEM VALUE VALUES (1, 62, true, 293);
INSERT INTO public.ege_profile (ege_id, profile_id, is_required, id) OVERRIDING SYSTEM VALUE VALUES (1, 63, true, 294);
INSERT INTO public.ege_profile (ege_id, profile_id, is_required, id) OVERRIDING SYSTEM VALUE VALUES (9, 63, true, 295);
INSERT INTO public.ege_profile (ege_id, profile_id, is_required, id) OVERRIDING SYSTEM VALUE VALUES (1, 64, true, 299);
INSERT INTO public.ege_profile (ege_id, profile_id, is_required, id) OVERRIDING SYSTEM VALUE VALUES (9, 64, true, 300);
INSERT INTO public.ege_profile (ege_id, profile_id, is_required, id) OVERRIDING SYSTEM VALUE VALUES (1, 65, true, 304);
INSERT INTO public.ege_profile (ege_id, profile_id, is_required, id) OVERRIDING SYSTEM VALUE VALUES (9, 65, true, 305);
INSERT INTO public.ege_profile (ege_id, profile_id, is_required, id) OVERRIDING SYSTEM VALUE VALUES (9, 66, true, 309);
INSERT INTO public.ege_profile (ege_id, profile_id, is_required, id) OVERRIDING SYSTEM VALUE VALUES (8, 66, true, 310);
INSERT INTO public.ege_profile (ege_id, profile_id, is_required, id) OVERRIDING SYSTEM VALUE VALUES (14, 66, true, 311);
INSERT INTO public.ege_profile (ege_id, profile_id, is_required, id) OVERRIDING SYSTEM VALUE VALUES (9, 67, true, 312);
INSERT INTO public.ege_profile (ege_id, profile_id, is_required, id) OVERRIDING SYSTEM VALUE VALUES (8, 67, true, 313);
INSERT INTO public.ege_profile (ege_id, profile_id, is_required, id) OVERRIDING SYSTEM VALUE VALUES (15, 67, true, 314);
INSERT INTO public.ege_profile (ege_id, profile_id, is_required, id) OVERRIDING SYSTEM VALUE VALUES (9, 68, true, 315);
INSERT INTO public.ege_profile (ege_id, profile_id, is_required, id) OVERRIDING SYSTEM VALUE VALUES (8, 68, true, 316);
INSERT INTO public.ege_profile (ege_id, profile_id, is_required, id) OVERRIDING SYSTEM VALUE VALUES (5, 68, true, 317);
INSERT INTO public.ege_profile (ege_id, profile_id, is_required, id) OVERRIDING SYSTEM VALUE VALUES (9, 69, true, 318);
INSERT INTO public.ege_profile (ege_id, profile_id, is_required, id) OVERRIDING SYSTEM VALUE VALUES (8, 69, true, 319);
INSERT INTO public.ege_profile (ege_id, profile_id, is_required, id) OVERRIDING SYSTEM VALUE VALUES (6, 69, true, 320);
INSERT INTO public.ege_profile (ege_id, profile_id, is_required, id) OVERRIDING SYSTEM VALUE VALUES (9, 70, true, 326);
INSERT INTO public.ege_profile (ege_id, profile_id, is_required, id) OVERRIDING SYSTEM VALUE VALUES (8, 70, true, 327);
INSERT INTO public.ege_profile (ege_id, profile_id, is_required, id) OVERRIDING SYSTEM VALUE VALUES (9, 71, true, 330);
INSERT INTO public.ege_profile (ege_id, profile_id, is_required, id) OVERRIDING SYSTEM VALUE VALUES (8, 71, true, 331);
INSERT INTO public.ege_profile (ege_id, profile_id, is_required, id) OVERRIDING SYSTEM VALUE VALUES (9, 72, true, 334);
INSERT INTO public.ege_profile (ege_id, profile_id, is_required, id) OVERRIDING SYSTEM VALUE VALUES (8, 72, true, 335);
INSERT INTO public.ege_profile (ege_id, profile_id, is_required, id) OVERRIDING SYSTEM VALUE VALUES (9, 73, true, 342);
INSERT INTO public.ege_profile (ege_id, profile_id, is_required, id) OVERRIDING SYSTEM VALUE VALUES (8, 73, true, 343);
INSERT INTO public.ege_profile (ege_id, profile_id, is_required, id) OVERRIDING SYSTEM VALUE VALUES (9, 74, true, 346);
INSERT INTO public.ege_profile (ege_id, profile_id, is_required, id) OVERRIDING SYSTEM VALUE VALUES (8, 74, true, 347);
INSERT INTO public.ege_profile (ege_id, profile_id, is_required, id) OVERRIDING SYSTEM VALUE VALUES (9, 75, true, 355);
INSERT INTO public.ege_profile (ege_id, profile_id, is_required, id) OVERRIDING SYSTEM VALUE VALUES (8, 75, true, 356);
INSERT INTO public.ege_profile (ege_id, profile_id, is_required, id) OVERRIDING SYSTEM VALUE VALUES (9, 76, true, 362);
INSERT INTO public.ege_profile (ege_id, profile_id, is_required, id) OVERRIDING SYSTEM VALUE VALUES (8, 76, true, 363);
INSERT INTO public.ege_profile (ege_id, profile_id, is_required, id) OVERRIDING SYSTEM VALUE VALUES (9, 77, true, 367);
INSERT INTO public.ege_profile (ege_id, profile_id, is_required, id) OVERRIDING SYSTEM VALUE VALUES (6, 77, true, 368);
INSERT INTO public.ege_profile (ege_id, profile_id, is_required, id) OVERRIDING SYSTEM VALUE VALUES (9, 78, true, 373);
INSERT INTO public.ege_profile (ege_id, profile_id, is_required, id) OVERRIDING SYSTEM VALUE VALUES (3, 78, true, 374);
INSERT INTO public.ege_profile (ege_id, profile_id, is_required, id) OVERRIDING SYSTEM VALUE VALUES (9, 79, true, 378);
INSERT INTO public.ege_profile (ege_id, profile_id, is_required, id) OVERRIDING SYSTEM VALUE VALUES (7, 79, true, 379);
INSERT INTO public.ege_profile (ege_id, profile_id, is_required, id) OVERRIDING SYSTEM VALUE VALUES (9, 80, true, 384);
INSERT INTO public.ege_profile (ege_id, profile_id, is_required, id) OVERRIDING SYSTEM VALUE VALUES (3, 80, true, 385);
INSERT INTO public.ege_profile (ege_id, profile_id, is_required, id) OVERRIDING SYSTEM VALUE VALUES (9, 81, true, 386);
INSERT INTO public.ege_profile (ege_id, profile_id, is_required, id) OVERRIDING SYSTEM VALUE VALUES (8, 81, true, 387);
INSERT INTO public.ege_profile (ege_id, profile_id, is_required, id) OVERRIDING SYSTEM VALUE VALUES (5, 81, true, 388);
INSERT INTO public.ege_profile (ege_id, profile_id, is_required, id) OVERRIDING SYSTEM VALUE VALUES (9, 82, true, 389);
INSERT INTO public.ege_profile (ege_id, profile_id, is_required, id) OVERRIDING SYSTEM VALUE VALUES (8, 82, true, 390);
INSERT INTO public.ege_profile (ege_id, profile_id, is_required, id) OVERRIDING SYSTEM VALUE VALUES (5, 82, true, 391);
INSERT INTO public.ege_profile (ege_id, profile_id, is_required, id) OVERRIDING SYSTEM VALUE VALUES (9, 83, true, 392);
INSERT INTO public.ege_profile (ege_id, profile_id, is_required, id) OVERRIDING SYSTEM VALUE VALUES (1, 83, true, 393);
INSERT INTO public.ege_profile (ege_id, profile_id, is_required, id) OVERRIDING SYSTEM VALUE VALUES (14, 83, true, 394);
INSERT INTO public.ege_profile (ege_id, profile_id, is_required, id) OVERRIDING SYSTEM VALUE VALUES (9, 84, true, 395);
INSERT INTO public.ege_profile (ege_id, profile_id, is_required, id) OVERRIDING SYSTEM VALUE VALUES (6, 84, true, 396);
INSERT INTO public.ege_profile (ege_id, profile_id, is_required, id) OVERRIDING SYSTEM VALUE VALUES (12, 84, true, 397);
INSERT INTO public.ege_profile (ege_id, profile_id, is_required, id) OVERRIDING SYSTEM VALUE VALUES (9, 85, true, 398);
INSERT INTO public.ege_profile (ege_id, profile_id, is_required, id) OVERRIDING SYSTEM VALUE VALUES (8, 85, true, 399);
INSERT INTO public.ege_profile (ege_id, profile_id, is_required, id) OVERRIDING SYSTEM VALUE VALUES (5, 85, true, 400);
INSERT INTO public.ege_profile (ege_id, profile_id, is_required, id) OVERRIDING SYSTEM VALUE VALUES (10, 1, false, 17);
INSERT INTO public.ege_profile (ege_id, profile_id, is_required, id) OVERRIDING SYSTEM VALUE VALUES (4, 1, false, 18);
INSERT INTO public.ege_profile (ege_id, profile_id, is_required, id) OVERRIDING SYSTEM VALUE VALUES (7, 2, false, 19);
INSERT INTO public.ege_profile (ege_id, profile_id, is_required, id) OVERRIDING SYSTEM VALUE VALUES (1, 2, false, 20);
INSERT INTO public.ege_profile (ege_id, profile_id, is_required, id) OVERRIDING SYSTEM VALUE VALUES (7, 3, false, 23);
INSERT INTO public.ege_profile (ege_id, profile_id, is_required, id) OVERRIDING SYSTEM VALUE VALUES (1, 3, false, 24);
INSERT INTO public.ege_profile (ege_id, profile_id, is_required, id) OVERRIDING SYSTEM VALUE VALUES (11, 4, false, 27);
INSERT INTO public.ege_profile (ege_id, profile_id, is_required, id) OVERRIDING SYSTEM VALUE VALUES (10, 4, false, 28);
INSERT INTO public.ege_profile (ege_id, profile_id, is_required, id) OVERRIDING SYSTEM VALUE VALUES (4, 4, false, 29);
INSERT INTO public.ege_profile (ege_id, profile_id, is_required, id) OVERRIDING SYSTEM VALUE VALUES (2, 4, false, 30);
INSERT INTO public.ege_profile (ege_id, profile_id, is_required, id) OVERRIDING SYSTEM VALUE VALUES (1, 4, false, 31);
INSERT INTO public.ege_profile (ege_id, profile_id, is_required, id) OVERRIDING SYSTEM VALUE VALUES (1, 5, false, 36);
INSERT INTO public.ege_profile (ege_id, profile_id, is_required, id) OVERRIDING SYSTEM VALUE VALUES (2, 5, false, 37);
INSERT INTO public.ege_profile (ege_id, profile_id, is_required, id) OVERRIDING SYSTEM VALUE VALUES (4, 5, false, 38);
INSERT INTO public.ege_profile (ege_id, profile_id, is_required, id) OVERRIDING SYSTEM VALUE VALUES (10, 5, false, 39);
INSERT INTO public.ege_profile (ege_id, profile_id, is_required, id) OVERRIDING SYSTEM VALUE VALUES (11, 5, false, 40);
INSERT INTO public.ege_profile (ege_id, profile_id, is_required, id) OVERRIDING SYSTEM VALUE VALUES (1, 6, false, 43);
INSERT INTO public.ege_profile (ege_id, profile_id, is_required, id) OVERRIDING SYSTEM VALUE VALUES (2, 6, false, 44);
INSERT INTO public.ege_profile (ege_id, profile_id, is_required, id) OVERRIDING SYSTEM VALUE VALUES (4, 6, false, 45);
INSERT INTO public.ege_profile (ege_id, profile_id, is_required, id) OVERRIDING SYSTEM VALUE VALUES (10, 6, false, 46);
INSERT INTO public.ege_profile (ege_id, profile_id, is_required, id) OVERRIDING SYSTEM VALUE VALUES (11, 6, false, 47);
INSERT INTO public.ege_profile (ege_id, profile_id, is_required, id) OVERRIDING SYSTEM VALUE VALUES (11, 7, false, 48);
INSERT INTO public.ege_profile (ege_id, profile_id, is_required, id) OVERRIDING SYSTEM VALUE VALUES (10, 7, false, 49);
INSERT INTO public.ege_profile (ege_id, profile_id, is_required, id) OVERRIDING SYSTEM VALUE VALUES (1, 7, false, 50);
INSERT INTO public.ege_profile (ege_id, profile_id, is_required, id) OVERRIDING SYSTEM VALUE VALUES (4, 7, false, 51);
INSERT INTO public.ege_profile (ege_id, profile_id, is_required, id) OVERRIDING SYSTEM VALUE VALUES (2, 7, false, 52);
INSERT INTO public.ege_profile (ege_id, profile_id, is_required, id) OVERRIDING SYSTEM VALUE VALUES (7, 8, false, 55);
INSERT INTO public.ege_profile (ege_id, profile_id, is_required, id) OVERRIDING SYSTEM VALUE VALUES (4, 8, false, 56);
INSERT INTO public.ege_profile (ege_id, profile_id, is_required, id) OVERRIDING SYSTEM VALUE VALUES (1, 8, false, 57);
INSERT INTO public.ege_profile (ege_id, profile_id, is_required, id) OVERRIDING SYSTEM VALUE VALUES (11, 9, false, 60);
INSERT INTO public.ege_profile (ege_id, profile_id, is_required, id) OVERRIDING SYSTEM VALUE VALUES (7, 9, false, 61);
INSERT INTO public.ege_profile (ege_id, profile_id, is_required, id) OVERRIDING SYSTEM VALUE VALUES (4, 9, false, 62);
INSERT INTO public.ege_profile (ege_id, profile_id, is_required, id) OVERRIDING SYSTEM VALUE VALUES (3, 9, false, 63);
INSERT INTO public.ege_profile (ege_id, profile_id, is_required, id) OVERRIDING SYSTEM VALUE VALUES (1, 9, false, 64);
INSERT INTO public.ege_profile (ege_id, profile_id, is_required, id) OVERRIDING SYSTEM VALUE VALUES (11, 10, false, 67);
INSERT INTO public.ege_profile (ege_id, profile_id, is_required, id) OVERRIDING SYSTEM VALUE VALUES (10, 10, false, 68);
INSERT INTO public.ege_profile (ege_id, profile_id, is_required, id) OVERRIDING SYSTEM VALUE VALUES (7, 10, false, 69);
INSERT INTO public.ege_profile (ege_id, profile_id, is_required, id) OVERRIDING SYSTEM VALUE VALUES (4, 10, false, 70);
INSERT INTO public.ege_profile (ege_id, profile_id, is_required, id) OVERRIDING SYSTEM VALUE VALUES (3, 10, false, 71);
INSERT INTO public.ege_profile (ege_id, profile_id, is_required, id) OVERRIDING SYSTEM VALUE VALUES (2, 10, false, 72);
INSERT INTO public.ege_profile (ege_id, profile_id, is_required, id) OVERRIDING SYSTEM VALUE VALUES (11, 11, false, 75);
INSERT INTO public.ege_profile (ege_id, profile_id, is_required, id) OVERRIDING SYSTEM VALUE VALUES (10, 11, false, 76);
INSERT INTO public.ege_profile (ege_id, profile_id, is_required, id) OVERRIDING SYSTEM VALUE VALUES (7, 11, false, 77);
INSERT INTO public.ege_profile (ege_id, profile_id, is_required, id) OVERRIDING SYSTEM VALUE VALUES (4, 11, false, 78);
INSERT INTO public.ege_profile (ege_id, profile_id, is_required, id) OVERRIDING SYSTEM VALUE VALUES (3, 11, false, 79);
INSERT INTO public.ege_profile (ege_id, profile_id, is_required, id) OVERRIDING SYSTEM VALUE VALUES (2, 11, false, 80);
INSERT INTO public.ege_profile (ege_id, profile_id, is_required, id) OVERRIDING SYSTEM VALUE VALUES (10, 13, false, 86);
INSERT INTO public.ege_profile (ege_id, profile_id, is_required, id) OVERRIDING SYSTEM VALUE VALUES (4, 13, false, 87);
INSERT INTO public.ege_profile (ege_id, profile_id, is_required, id) OVERRIDING SYSTEM VALUE VALUES (10, 14, false, 90);
INSERT INTO public.ege_profile (ege_id, profile_id, is_required, id) OVERRIDING SYSTEM VALUE VALUES (4, 14, false, 91);
INSERT INTO public.ege_profile (ege_id, profile_id, is_required, id) OVERRIDING SYSTEM VALUE VALUES (11, 15, false, 94);
INSERT INTO public.ege_profile (ege_id, profile_id, is_required, id) OVERRIDING SYSTEM VALUE VALUES (10, 15, false, 95);
INSERT INTO public.ege_profile (ege_id, profile_id, is_required, id) OVERRIDING SYSTEM VALUE VALUES (4, 15, false, 96);
INSERT INTO public.ege_profile (ege_id, profile_id, is_required, id) OVERRIDING SYSTEM VALUE VALUES (3, 15, false, 97);
INSERT INTO public.ege_profile (ege_id, profile_id, is_required, id) OVERRIDING SYSTEM VALUE VALUES (10, 16, false, 100);
INSERT INTO public.ege_profile (ege_id, profile_id, is_required, id) OVERRIDING SYSTEM VALUE VALUES (4, 16, false, 101);
INSERT INTO public.ege_profile (ege_id, profile_id, is_required, id) OVERRIDING SYSTEM VALUE VALUES (4, 17, false, 104);
INSERT INTO public.ege_profile (ege_id, profile_id, is_required, id) OVERRIDING SYSTEM VALUE VALUES (10, 17, false, 105);
INSERT INTO public.ege_profile (ege_id, profile_id, is_required, id) OVERRIDING SYSTEM VALUE VALUES (10, 18, false, 108);
INSERT INTO public.ege_profile (ege_id, profile_id, is_required, id) OVERRIDING SYSTEM VALUE VALUES (4, 18, false, 109);
INSERT INTO public.ege_profile (ege_id, profile_id, is_required, id) OVERRIDING SYSTEM VALUE VALUES (1, 18, false, 110);
INSERT INTO public.ege_profile (ege_id, profile_id, is_required, id) OVERRIDING SYSTEM VALUE VALUES (10, 19, false, 113);
INSERT INTO public.ege_profile (ege_id, profile_id, is_required, id) OVERRIDING SYSTEM VALUE VALUES (4, 19, false, 114);
INSERT INTO public.ege_profile (ege_id, profile_id, is_required, id) OVERRIDING SYSTEM VALUE VALUES (10, 20, false, 117);
INSERT INTO public.ege_profile (ege_id, profile_id, is_required, id) OVERRIDING SYSTEM VALUE VALUES (4, 20, false, 118);
INSERT INTO public.ege_profile (ege_id, profile_id, is_required, id) OVERRIDING SYSTEM VALUE VALUES (10, 21, false, 121);
INSERT INTO public.ege_profile (ege_id, profile_id, is_required, id) OVERRIDING SYSTEM VALUE VALUES (4, 21, false, 122);
INSERT INTO public.ege_profile (ege_id, profile_id, is_required, id) OVERRIDING SYSTEM VALUE VALUES (11, 22, false, 125);
INSERT INTO public.ege_profile (ege_id, profile_id, is_required, id) OVERRIDING SYSTEM VALUE VALUES (4, 22, false, 126);
INSERT INTO public.ege_profile (ege_id, profile_id, is_required, id) OVERRIDING SYSTEM VALUE VALUES (3, 22, false, 127);
INSERT INTO public.ege_profile (ege_id, profile_id, is_required, id) OVERRIDING SYSTEM VALUE VALUES (1, 22, false, 128);
INSERT INTO public.ege_profile (ege_id, profile_id, is_required, id) OVERRIDING SYSTEM VALUE VALUES (11, 23, false, 131);
INSERT INTO public.ege_profile (ege_id, profile_id, is_required, id) OVERRIDING SYSTEM VALUE VALUES (10, 23, false, 132);
INSERT INTO public.ege_profile (ege_id, profile_id, is_required, id) OVERRIDING SYSTEM VALUE VALUES (4, 23, false, 133);
INSERT INTO public.ege_profile (ege_id, profile_id, is_required, id) OVERRIDING SYSTEM VALUE VALUES (3, 23, false, 134);
INSERT INTO public.ege_profile (ege_id, profile_id, is_required, id) OVERRIDING SYSTEM VALUE VALUES (11, 24, false, 137);
INSERT INTO public.ege_profile (ege_id, profile_id, is_required, id) OVERRIDING SYSTEM VALUE VALUES (10, 24, false, 138);
INSERT INTO public.ege_profile (ege_id, profile_id, is_required, id) OVERRIDING SYSTEM VALUE VALUES (2, 24, false, 139);
INSERT INTO public.ege_profile (ege_id, profile_id, is_required, id) OVERRIDING SYSTEM VALUE VALUES (11, 25, false, 142);
INSERT INTO public.ege_profile (ege_id, profile_id, is_required, id) OVERRIDING SYSTEM VALUE VALUES (10, 25, false, 143);
INSERT INTO public.ege_profile (ege_id, profile_id, is_required, id) OVERRIDING SYSTEM VALUE VALUES (10, 26, false, 146);
INSERT INTO public.ege_profile (ege_id, profile_id, is_required, id) OVERRIDING SYSTEM VALUE VALUES (4, 26, false, 147);
INSERT INTO public.ege_profile (ege_id, profile_id, is_required, id) OVERRIDING SYSTEM VALUE VALUES (11, 27, false, 150);
INSERT INTO public.ege_profile (ege_id, profile_id, is_required, id) OVERRIDING SYSTEM VALUE VALUES (7, 27, false, 151);
INSERT INTO public.ege_profile (ege_id, profile_id, is_required, id) OVERRIDING SYSTEM VALUE VALUES (4, 27, false, 152);
INSERT INTO public.ege_profile (ege_id, profile_id, is_required, id) OVERRIDING SYSTEM VALUE VALUES (4, 28, false, 157);
INSERT INTO public.ege_profile (ege_id, profile_id, is_required, id) OVERRIDING SYSTEM VALUE VALUES (7, 28, false, 158);
INSERT INTO public.ege_profile (ege_id, profile_id, is_required, id) OVERRIDING SYSTEM VALUE VALUES (11, 28, false, 159);
INSERT INTO public.ege_profile (ege_id, profile_id, is_required, id) OVERRIDING SYSTEM VALUE VALUES (4, 29, false, 162);
INSERT INTO public.ege_profile (ege_id, profile_id, is_required, id) OVERRIDING SYSTEM VALUE VALUES (7, 29, false, 163);
INSERT INTO public.ege_profile (ege_id, profile_id, is_required, id) OVERRIDING SYSTEM VALUE VALUES (11, 29, false, 164);
INSERT INTO public.ege_profile (ege_id, profile_id, is_required, id) OVERRIDING SYSTEM VALUE VALUES (11, 30, false, 165);
INSERT INTO public.ege_profile (ege_id, profile_id, is_required, id) OVERRIDING SYSTEM VALUE VALUES (7, 30, false, 166);
INSERT INTO public.ege_profile (ege_id, profile_id, is_required, id) OVERRIDING SYSTEM VALUE VALUES (11, 31, false, 169);
INSERT INTO public.ege_profile (ege_id, profile_id, is_required, id) OVERRIDING SYSTEM VALUE VALUES (7, 31, false, 170);
INSERT INTO public.ege_profile (ege_id, profile_id, is_required, id) OVERRIDING SYSTEM VALUE VALUES (8, 32, false, 173);
INSERT INTO public.ege_profile (ege_id, profile_id, is_required, id) OVERRIDING SYSTEM VALUE VALUES (7, 32, false, 174);
INSERT INTO public.ege_profile (ege_id, profile_id, is_required, id) OVERRIDING SYSTEM VALUE VALUES (3, 32, false, 175);
INSERT INTO public.ege_profile (ege_id, profile_id, is_required, id) OVERRIDING SYSTEM VALUE VALUES (8, 33, false, 178);
INSERT INTO public.ege_profile (ege_id, profile_id, is_required, id) OVERRIDING SYSTEM VALUE VALUES (7, 33, false, 179);
INSERT INTO public.ege_profile (ege_id, profile_id, is_required, id) OVERRIDING SYSTEM VALUE VALUES (3, 33, false, 180);
INSERT INTO public.ege_profile (ege_id, profile_id, is_required, id) OVERRIDING SYSTEM VALUE VALUES (7, 40, false, 201);
INSERT INTO public.ege_profile (ege_id, profile_id, is_required, id) OVERRIDING SYSTEM VALUE VALUES (5, 40, false, 202);
INSERT INTO public.ege_profile (ege_id, profile_id, is_required, id) OVERRIDING SYSTEM VALUE VALUES (3, 40, false, 203);
INSERT INTO public.ege_profile (ege_id, profile_id, is_required, id) OVERRIDING SYSTEM VALUE VALUES (3, 41, false, 208);
INSERT INTO public.ege_profile (ege_id, profile_id, is_required, id) OVERRIDING SYSTEM VALUE VALUES (5, 41, false, 209);
INSERT INTO public.ege_profile (ege_id, profile_id, is_required, id) OVERRIDING SYSTEM VALUE VALUES (7, 41, false, 210);
INSERT INTO public.ege_profile (ege_id, profile_id, is_required, id) OVERRIDING SYSTEM VALUE VALUES (8, 42, false, 211);
INSERT INTO public.ege_profile (ege_id, profile_id, is_required, id) OVERRIDING SYSTEM VALUE VALUES (6, 42, false, 212);
INSERT INTO public.ege_profile (ege_id, profile_id, is_required, id) OVERRIDING SYSTEM VALUE VALUES (3, 42, false, 213);
INSERT INTO public.ege_profile (ege_id, profile_id, is_required, id) OVERRIDING SYSTEM VALUE VALUES (2, 42, false, 214);
INSERT INTO public.ege_profile (ege_id, profile_id, is_required, id) OVERRIDING SYSTEM VALUE VALUES (6, 43, false, 217);
INSERT INTO public.ege_profile (ege_id, profile_id, is_required, id) OVERRIDING SYSTEM VALUE VALUES (3, 43, false, 218);
INSERT INTO public.ege_profile (ege_id, profile_id, is_required, id) OVERRIDING SYSTEM VALUE VALUES (2, 43, false, 219);
INSERT INTO public.ege_profile (ege_id, profile_id, is_required, id) OVERRIDING SYSTEM VALUE VALUES (5, 45, false, 225);
INSERT INTO public.ege_profile (ege_id, profile_id, is_required, id) OVERRIDING SYSTEM VALUE VALUES (3, 45, false, 226);
INSERT INTO public.ege_profile (ege_id, profile_id, is_required, id) OVERRIDING SYSTEM VALUE VALUES (8, 49, false, 238);
INSERT INTO public.ege_profile (ege_id, profile_id, is_required, id) OVERRIDING SYSTEM VALUE VALUES (3, 49, false, 239);
INSERT INTO public.ege_profile (ege_id, profile_id, is_required, id) OVERRIDING SYSTEM VALUE VALUES (3, 50, false, 244);
INSERT INTO public.ege_profile (ege_id, profile_id, is_required, id) OVERRIDING SYSTEM VALUE VALUES (8, 50, false, 245);
INSERT INTO public.ege_profile (ege_id, profile_id, is_required, id) OVERRIDING SYSTEM VALUE VALUES (3, 51, false, 248);
INSERT INTO public.ege_profile (ege_id, profile_id, is_required, id) OVERRIDING SYSTEM VALUE VALUES (8, 51, false, 249);
INSERT INTO public.ege_profile (ege_id, profile_id, is_required, id) OVERRIDING SYSTEM VALUE VALUES (3, 52, false, 252);
INSERT INTO public.ege_profile (ege_id, profile_id, is_required, id) OVERRIDING SYSTEM VALUE VALUES (8, 52, false, 253);
INSERT INTO public.ege_profile (ege_id, profile_id, is_required, id) OVERRIDING SYSTEM VALUE VALUES (5, 53, false, 254);
INSERT INTO public.ege_profile (ege_id, profile_id, is_required, id) OVERRIDING SYSTEM VALUE VALUES (3, 53, false, 255);
INSERT INTO public.ege_profile (ege_id, profile_id, is_required, id) OVERRIDING SYSTEM VALUE VALUES (5, 57, false, 267);
INSERT INTO public.ege_profile (ege_id, profile_id, is_required, id) OVERRIDING SYSTEM VALUE VALUES (4, 57, false, 268);
INSERT INTO public.ege_profile (ege_id, profile_id, is_required, id) OVERRIDING SYSTEM VALUE VALUES (3, 57, false, 269);
INSERT INTO public.ege_profile (ege_id, profile_id, is_required, id) OVERRIDING SYSTEM VALUE VALUES (7, 61, false, 281);
INSERT INTO public.ege_profile (ege_id, profile_id, is_required, id) OVERRIDING SYSTEM VALUE VALUES (5, 61, false, 282);
INSERT INTO public.ege_profile (ege_id, profile_id, is_required, id) OVERRIDING SYSTEM VALUE VALUES (4, 61, false, 283);
INSERT INTO public.ege_profile (ege_id, profile_id, is_required, id) OVERRIDING SYSTEM VALUE VALUES (3, 61, false, 284);
INSERT INTO public.ege_profile (ege_id, profile_id, is_required, id) OVERRIDING SYSTEM VALUE VALUES (2, 61, false, 285);
INSERT INTO public.ege_profile (ege_id, profile_id, is_required, id) OVERRIDING SYSTEM VALUE VALUES (1, 61, false, 286);
INSERT INTO public.ege_profile (ege_id, profile_id, is_required, id) OVERRIDING SYSTEM VALUE VALUES (8, 62, false, 289);
INSERT INTO public.ege_profile (ege_id, profile_id, is_required, id) OVERRIDING SYSTEM VALUE VALUES (7, 62, false, 290);
INSERT INTO public.ege_profile (ege_id, profile_id, is_required, id) OVERRIDING SYSTEM VALUE VALUES (3, 62, false, 291);
INSERT INTO public.ege_profile (ege_id, profile_id, is_required, id) OVERRIDING SYSTEM VALUE VALUES (3, 63, false, 296);
INSERT INTO public.ege_profile (ege_id, profile_id, is_required, id) OVERRIDING SYSTEM VALUE VALUES (7, 63, false, 297);
INSERT INTO public.ege_profile (ege_id, profile_id, is_required, id) OVERRIDING SYSTEM VALUE VALUES (8, 63, false, 298);
INSERT INTO public.ege_profile (ege_id, profile_id, is_required, id) OVERRIDING SYSTEM VALUE VALUES (3, 64, false, 301);
INSERT INTO public.ege_profile (ege_id, profile_id, is_required, id) OVERRIDING SYSTEM VALUE VALUES (7, 64, false, 302);
INSERT INTO public.ege_profile (ege_id, profile_id, is_required, id) OVERRIDING SYSTEM VALUE VALUES (8, 64, false, 303);
INSERT INTO public.ege_profile (ege_id, profile_id, is_required, id) OVERRIDING SYSTEM VALUE VALUES (3, 65, false, 306);
INSERT INTO public.ege_profile (ege_id, profile_id, is_required, id) OVERRIDING SYSTEM VALUE VALUES (7, 65, false, 307);
INSERT INTO public.ege_profile (ege_id, profile_id, is_required, id) OVERRIDING SYSTEM VALUE VALUES (8, 65, false, 308);
INSERT INTO public.ege_profile (ege_id, profile_id, is_required, id) OVERRIDING SYSTEM VALUE VALUES (6, 70, false, 321);
INSERT INTO public.ege_profile (ege_id, profile_id, is_required, id) OVERRIDING SYSTEM VALUE VALUES (5, 70, false, 322);
INSERT INTO public.ege_profile (ege_id, profile_id, is_required, id) OVERRIDING SYSTEM VALUE VALUES (4, 70, false, 323);
INSERT INTO public.ege_profile (ege_id, profile_id, is_required, id) OVERRIDING SYSTEM VALUE VALUES (3, 70, false, 324);
INSERT INTO public.ege_profile (ege_id, profile_id, is_required, id) OVERRIDING SYSTEM VALUE VALUES (2, 70, false, 325);
INSERT INTO public.ege_profile (ege_id, profile_id, is_required, id) OVERRIDING SYSTEM VALUE VALUES (5, 71, false, 328);
INSERT INTO public.ege_profile (ege_id, profile_id, is_required, id) OVERRIDING SYSTEM VALUE VALUES (3, 71, false, 329);
INSERT INTO public.ege_profile (ege_id, profile_id, is_required, id) OVERRIDING SYSTEM VALUE VALUES (1, 72, false, 333);
INSERT INTO public.ege_profile (ege_id, profile_id, is_required, id) OVERRIDING SYSTEM VALUE VALUES (2, 72, false, 332);
INSERT INTO public.ege_profile (ege_id, profile_id, is_required, id) OVERRIDING SYSTEM VALUE VALUES (7, 72, false, 336);
INSERT INTO public.ege_profile (ege_id, profile_id, is_required, id) OVERRIDING SYSTEM VALUE VALUES (5, 72, false, 337);
INSERT INTO public.ege_profile (ege_id, profile_id, is_required, id) OVERRIDING SYSTEM VALUE VALUES (4, 72, false, 338);
INSERT INTO public.ege_profile (ege_id, profile_id, is_required, id) OVERRIDING SYSTEM VALUE VALUES (3, 72, false, 339);
INSERT INTO public.ege_profile (ege_id, profile_id, is_required, id) OVERRIDING SYSTEM VALUE VALUES (5, 73, false, 340);
INSERT INTO public.ege_profile (ege_id, profile_id, is_required, id) OVERRIDING SYSTEM VALUE VALUES (3, 73, false, 341);
INSERT INTO public.ege_profile (ege_id, profile_id, is_required, id) OVERRIDING SYSTEM VALUE VALUES (2, 74, false, 344);
INSERT INTO public.ege_profile (ege_id, profile_id, is_required, id) OVERRIDING SYSTEM VALUE VALUES (1, 74, false, 345);
INSERT INTO public.ege_profile (ege_id, profile_id, is_required, id) OVERRIDING SYSTEM VALUE VALUES (11, 75, false, 348);
INSERT INTO public.ege_profile (ege_id, profile_id, is_required, id) OVERRIDING SYSTEM VALUE VALUES (7, 75, false, 349);
INSERT INTO public.ege_profile (ege_id, profile_id, is_required, id) OVERRIDING SYSTEM VALUE VALUES (5, 75, false, 350);
INSERT INTO public.ege_profile (ege_id, profile_id, is_required, id) OVERRIDING SYSTEM VALUE VALUES (4, 75, false, 351);
INSERT INTO public.ege_profile (ege_id, profile_id, is_required, id) OVERRIDING SYSTEM VALUE VALUES (3, 75, false, 352);
INSERT INTO public.ege_profile (ege_id, profile_id, is_required, id) OVERRIDING SYSTEM VALUE VALUES (2, 75, false, 353);
INSERT INTO public.ege_profile (ege_id, profile_id, is_required, id) OVERRIDING SYSTEM VALUE VALUES (1, 75, false, 354);
INSERT INTO public.ege_profile (ege_id, profile_id, is_required, id) OVERRIDING SYSTEM VALUE VALUES (11, 76, false, 357);
INSERT INTO public.ege_profile (ege_id, profile_id, is_required, id) OVERRIDING SYSTEM VALUE VALUES (10, 76, false, 358);
INSERT INTO public.ege_profile (ege_id, profile_id, is_required, id) OVERRIDING SYSTEM VALUE VALUES (7, 76, false, 359);
INSERT INTO public.ege_profile (ege_id, profile_id, is_required, id) OVERRIDING SYSTEM VALUE VALUES (4, 76, false, 360);
INSERT INTO public.ege_profile (ege_id, profile_id, is_required, id) OVERRIDING SYSTEM VALUE VALUES (1, 76, false, 361);
INSERT INTO public.ege_profile (ege_id, profile_id, is_required, id) OVERRIDING SYSTEM VALUE VALUES (8, 77, false, 364);
INSERT INTO public.ege_profile (ege_id, profile_id, is_required, id) OVERRIDING SYSTEM VALUE VALUES (5, 77, false, 365);
INSERT INTO public.ege_profile (ege_id, profile_id, is_required, id) OVERRIDING SYSTEM VALUE VALUES (3, 77, false, 366);
INSERT INTO public.ege_profile (ege_id, profile_id, is_required, id) OVERRIDING SYSTEM VALUE VALUES (8, 78, false, 369);
INSERT INTO public.ege_profile (ege_id, profile_id, is_required, id) OVERRIDING SYSTEM VALUE VALUES (6, 78, false, 370);
INSERT INTO public.ege_profile (ege_id, profile_id, is_required, id) OVERRIDING SYSTEM VALUE VALUES (5, 78, false, 371);
INSERT INTO public.ege_profile (ege_id, profile_id, is_required, id) OVERRIDING SYSTEM VALUE VALUES (4, 78, false, 372);
INSERT INTO public.ege_profile (ege_id, profile_id, is_required, id) OVERRIDING SYSTEM VALUE VALUES (10, 79, false, 375);
INSERT INTO public.ege_profile (ege_id, profile_id, is_required, id) OVERRIDING SYSTEM VALUE VALUES (4, 79, false, 376);
INSERT INTO public.ege_profile (ege_id, profile_id, is_required, id) OVERRIDING SYSTEM VALUE VALUES (3, 79, false, 377);
INSERT INTO public.ege_profile (ege_id, profile_id, is_required, id) OVERRIDING SYSTEM VALUE VALUES (8, 80, false, 380);
INSERT INTO public.ege_profile (ege_id, profile_id, is_required, id) OVERRIDING SYSTEM VALUE VALUES (6, 80, false, 381);
INSERT INTO public.ege_profile (ege_id, profile_id, is_required, id) OVERRIDING SYSTEM VALUE VALUES (5, 80, false, 382);
INSERT INTO public.ege_profile (ege_id, profile_id, is_required, id) OVERRIDING SYSTEM VALUE VALUES (4, 80, false, 383);


--
-- TOC entry 3393 (class 0 OID 16388)
-- Dependencies: 209
-- Data for Name: groups; Type: TABLE DATA; Schema: public; Owner: postgres
--

INSERT INTO public.groups (group_id, "group") VALUES (0, 1);
INSERT INTO public.groups (group_id, "group") VALUES (2, 4);
INSERT INTO public.groups (group_id, "group") VALUES (3, 5);
INSERT INTO public.groups (group_id, "group") VALUES (4, 6);
INSERT INTO public.groups (group_id, "group") VALUES (5, 7);
INSERT INTO public.groups (group_id, "group") VALUES (6, 9);
INSERT INTO public.groups (group_id, "group") VALUES (8, 11);
INSERT INTO public.groups (group_id, "group") VALUES (9, 13);
INSERT INTO public.groups (group_id, "group") VALUES (10, 15);
INSERT INTO public.groups (group_id, "group") VALUES (11, 19);
INSERT INTO public.groups (group_id, "group") VALUES (12, 20);
INSERT INTO public.groups (group_id, "group") VALUES (13, 21);
INSERT INTO public.groups (group_id, "group") VALUES (14, 22);
INSERT INTO public.groups (group_id, "group") VALUES (15, 35);
INSERT INTO public.groups (group_id, "group") VALUES (16, 36);
INSERT INTO public.groups (group_id, "group") VALUES (17, 37);
INSERT INTO public.groups (group_id, "group") VALUES (18, 38);
INSERT INTO public.groups (group_id, "group") VALUES (19, 40);
INSERT INTO public.groups (group_id, "group") VALUES (20, 41);
INSERT INTO public.groups (group_id, "group") VALUES (21, 42);
INSERT INTO public.groups (group_id, "group") VALUES (22, 43);
INSERT INTO public.groups (group_id, "group") VALUES (23, 44);
INSERT INTO public.groups (group_id, "group") VALUES (24, 45);
INSERT INTO public.groups (group_id, "group") VALUES (25, 46);
INSERT INTO public.groups (group_id, "group") VALUES (26, 51);
INSERT INTO public.groups (group_id, "group") VALUES (27, 54);
INSERT INTO public.groups (group_id, "group") VALUES (1, 3);
INSERT INTO public.groups (group_id, "group") VALUES (29, 39);
INSERT INTO public.groups (group_id, "group") VALUES (30, 48);
INSERT INTO public.groups (group_id, "group") VALUES (31, 49);
INSERT INTO public.groups (group_id, "group") VALUES (7, 10);
INSERT INTO public.groups (group_id, "group") VALUES (28, 12);


--
-- TOC entry 3401 (class 0 OID 16448)
-- Dependencies: 217
-- Data for Name: groups_name; Type: TABLE DATA; Schema: public; Owner: postgres
--

INSERT INTO public.groups_name ("group", name) VALUES (2, ' ');
INSERT INTO public.groups_name ("group", name) VALUES (3, '  ');
INSERT INTO public.groups_name ("group", name) VALUES (4, '');
INSERT INTO public.groups_name ("group", name) VALUES (6, ' ');
INSERT INTO public.groups_name ("group", name) VALUES (7, '');
INSERT INTO public.groups_name ("group", name) VALUES (8, '   ');
INSERT INTO public.groups_name ("group", name) VALUES (9, '   ');
INSERT INTO public.groups_name ("group", name) VALUES (10, ' ');
INSERT INTO public.groups_name ("group", name) VALUES (11, ',    ');
INSERT INTO public.groups_name ("group", name) VALUES (13, '-  ');
INSERT INTO public.groups_name ("group", name) VALUES (15, '');
INSERT INTO public.groups_name ("group", name) VALUES (18, ' ');
INSERT INTO public.groups_name ("group", name) VALUES (19, '   ');
INSERT INTO public.groups_name ("group", name) VALUES (20, '   ');
INSERT INTO public.groups_name ("group", name) VALUES (21, ' ,  ,    ');
INSERT INTO public.groups_name ("group", name) VALUES (22, ' ');
INSERT INTO public.groups_name ("group", name) VALUES (26, '      ');
INSERT INTO public.groups_name ("group", name) VALUES (27, '   ');
INSERT INTO public.groups_name ("group", name) VALUES (28, '  ');
INSERT INTO public.groups_name ("group", name) VALUES (29, '  ');
INSERT INTO public.groups_name ("group", name) VALUES (31, ' ');
INSERT INTO public.groups_name ("group", name) VALUES (34, ' ');
INSERT INTO public.groups_name ("group", name) VALUES (35, ',    ');
INSERT INTO public.groups_name ("group", name) VALUES (36, '  ');
INSERT INTO public.groups_name ("group", name) VALUES (37, ' ');
INSERT INTO public.groups_name ("group", name) VALUES (38, '  ');
INSERT INTO public.groups_name ("group", name) VALUES (40, '');
INSERT INTO public.groups_name ("group", name) VALUES (41, '   ');
INSERT INTO public.groups_name ("group", name) VALUES (42, '    - ');
INSERT INTO public.groups_name ("group", name) VALUES (43, '  ');
INSERT INTO public.groups_name ("group", name) VALUES (44, '   ');
INSERT INTO public.groups_name ("group", name) VALUES (45, '  ');
INSERT INTO public.groups_name ("group", name) VALUES (46, '  ');
INSERT INTO public.groups_name ("group", name) VALUES (47, ',   ');
INSERT INTO public.groups_name ("group", name) VALUES (48, '');
INSERT INTO public.groups_name ("group", name) VALUES (49, '   ');
INSERT INTO public.groups_name ("group", name) VALUES (50, '');
INSERT INTO public.groups_name ("group", name) VALUES (51, '   ');
INSERT INTO public.groups_name ("group", name) VALUES (52, '    ');
INSERT INTO public.groups_name ("group", name) VALUES (53, ' ');
INSERT INTO public.groups_name ("group", name) VALUES (54, '    ');
INSERT INTO public.groups_name ("group", name) VALUES (55, '');
INSERT INTO public.groups_name ("group", name) VALUES (1, '  ');
INSERT INTO public.groups_name ("group", name) VALUES (5, '  ');
INSERT INTO public.groups_name ("group", name) VALUES (39, '   ');
INSERT INTO public.groups_name ("group", name) VALUES (12, ', ,      ');


--
-- TOC entry 3394 (class 0 OID 16391)
-- Dependencies: 210
-- Data for Name: popular_public; Type: TABLE DATA; Schema: public; Owner: postgres
--



--
-- TOC entry 3395 (class 0 OID 16394)
-- Dependencies: 211
-- Data for Name: professions; Type: TABLE DATA; Schema: public; Owner: postgres
--

INSERT INTO public.professions (id, professions, program_id) OVERRIDING SYSTEM VALUE VALUES (193, ' ', 155);
INSERT INTO public.professions (id, professions, program_id) OVERRIDING SYSTEM VALUE VALUES (194, '', 155);
INSERT INTO public.professions (id, professions, program_id) OVERRIDING SYSTEM VALUE VALUES (195, ' ', 155);
INSERT INTO public.professions (id, professions, program_id) OVERRIDING SYSTEM VALUE VALUES (196, '-', 155);
INSERT INTO public.professions (id, professions, program_id) OVERRIDING SYSTEM VALUE VALUES (197, '  ', 155);
INSERT INTO public.professions (id, professions, program_id) OVERRIDING SYSTEM VALUE VALUES (198, ' ', 155);
INSERT INTO public.professions (id, professions, program_id) OVERRIDING SYSTEM VALUE VALUES (199, '', 155);
INSERT INTO public.professions (id, professions, program_id) OVERRIDING SYSTEM VALUE VALUES (200, ' ', 155);
INSERT INTO public.professions (id, professions, program_id) OVERRIDING SYSTEM VALUE VALUES (201, '     ', 155);
INSERT INTO public.professions (id, professions, program_id) OVERRIDING SYSTEM VALUE VALUES (202, ' ', 155);
INSERT INTO public.professions (id, professions, program_id) OVERRIDING SYSTEM VALUE VALUES (203, '-', 156);
INSERT INTO public.professions (id, professions, program_id) OVERRIDING SYSTEM VALUE VALUES (204, '   ', 156);
INSERT INTO public.professions (id, professions, program_id) OVERRIDING SYSTEM VALUE VALUES (205, '  ', 156);
INSERT INTO public.professions (id, professions, program_id) OVERRIDING SYSTEM VALUE VALUES (206, 'IT-', 156);
INSERT INTO public.professions (id, professions, program_id) OVERRIDING SYSTEM VALUE VALUES (207, '-', 156);
INSERT INTO public.professions (id, professions, program_id) OVERRIDING SYSTEM VALUE VALUES (208, ' ', 156);
INSERT INTO public.professions (id, professions, program_id) OVERRIDING SYSTEM VALUE VALUES (209, '  ', 156);
INSERT INTO public.professions (id, professions, program_id) OVERRIDING SYSTEM VALUE VALUES (210, '  ', 156);
INSERT INTO public.professions (id, professions, program_id) OVERRIDING SYSTEM VALUE VALUES (211, '     ', 156);
INSERT INTO public.professions (id, professions, program_id) OVERRIDING SYSTEM VALUE VALUES (212, ' ', 156);
INSERT INTO public.professions (id, professions, program_id) OVERRIDING SYSTEM VALUE VALUES (213, '  ', 156);
INSERT INTO public.professions (id, professions, program_id) OVERRIDING SYSTEM VALUE VALUES (214, '-', 158);
INSERT INTO public.professions (id, professions, program_id) OVERRIDING SYSTEM VALUE VALUES (215, '  ', 158);
INSERT INTO public.professions (id, professions, program_id) OVERRIDING SYSTEM VALUE VALUES (216, '    ', 158);
INSERT INTO public.professions (id, professions, program_id) OVERRIDING SYSTEM VALUE VALUES (217, '-', 158);
INSERT INTO public.professions (id, professions, program_id) OVERRIDING SYSTEM VALUE VALUES (218, '-', 158);
INSERT INTO public.professions (id, professions, program_id) OVERRIDING SYSTEM VALUE VALUES (219, '      ', 158);
INSERT INTO public.professions (id, professions, program_id) OVERRIDING SYSTEM VALUE VALUES (220, ' ', 158);
INSERT INTO public.professions (id, professions, program_id) OVERRIDING SYSTEM VALUE VALUES (221, '  ', 158);
INSERT INTO public.professions (id, professions, program_id) OVERRIDING SYSTEM VALUE VALUES (222, ' ', 159);
INSERT INTO public.professions (id, professions, program_id) OVERRIDING SYSTEM VALUE VALUES (223, '  ', 159);
INSERT INTO public.professions (id, professions, program_id) OVERRIDING SYSTEM VALUE VALUES (224, '  ', 159);
INSERT INTO public.professions (id, professions, program_id) OVERRIDING SYSTEM VALUE VALUES (225, ' ', 159);
INSERT INTO public.professions (id, professions, program_id) OVERRIDING SYSTEM VALUE VALUES (226, '  ', 159);
INSERT INTO public.professions (id, professions, program_id) OVERRIDING SYSTEM VALUE VALUES (227, '  ', 159);
INSERT INTO public.professions (id, professions, program_id) OVERRIDING SYSTEM VALUE VALUES (228, '', 159);
INSERT INTO public.professions (id, professions, program_id) OVERRIDING SYSTEM VALUE VALUES (229, ' ', 159);
INSERT INTO public.professions (id, professions, program_id) OVERRIDING SYSTEM VALUE VALUES (230, '  ', 159);
INSERT INTO public.professions (id, professions, program_id) OVERRIDING SYSTEM VALUE VALUES (231, '', 160);
INSERT INTO public.professions (id, professions, program_id) OVERRIDING SYSTEM VALUE VALUES (232, '   ', 160);
INSERT INTO public.professions (id, professions, program_id) OVERRIDING SYSTEM VALUE VALUES (233, '', 160);
INSERT INTO public.professions (id, professions, program_id) OVERRIDING SYSTEM VALUE VALUES (234, ' ', 160);
INSERT INTO public.professions (id, professions, program_id) OVERRIDING SYSTEM VALUE VALUES (235, '', 160);
INSERT INTO public.professions (id, professions, program_id) OVERRIDING SYSTEM VALUE VALUES (236, 'ICO ', 160);
INSERT INTO public.professions (id, professions, program_id) OVERRIDING SYSTEM VALUE VALUES (237, '-', 160);
INSERT INTO public.professions (id, professions, program_id) OVERRIDING SYSTEM VALUE VALUES (238, '', 160);
INSERT INTO public.professions (id, professions, program_id) OVERRIDING SYSTEM VALUE VALUES (239, ' ', 160);
INSERT INTO public.professions (id, professions, program_id) OVERRIDING SYSTEM VALUE VALUES (240, '  () ', 160);
INSERT INTO public.professions (id, professions, program_id) OVERRIDING SYSTEM VALUE VALUES (241, '', 161);
INSERT INTO public.professions (id, professions, program_id) OVERRIDING SYSTEM VALUE VALUES (242, 'IT-', 161);
INSERT INTO public.professions (id, professions, program_id) OVERRIDING SYSTEM VALUE VALUES (243, '  ', 161);
INSERT INTO public.professions (id, professions, program_id) OVERRIDING SYSTEM VALUE VALUES (244, '', 161);
INSERT INTO public.professions (id, professions, program_id) OVERRIDING SYSTEM VALUE VALUES (245, '-', 161);
INSERT INTO public.professions (id, professions, program_id) OVERRIDING SYSTEM VALUE VALUES (246, '      ', 161);
INSERT INTO public.professions (id, professions, program_id) OVERRIDING SYSTEM VALUE VALUES (247, '     ', 161);
INSERT INTO public.professions (id, professions, program_id) OVERRIDING SYSTEM VALUE VALUES (248, '   ', 161);
INSERT INTO public.professions (id, professions, program_id) OVERRIDING SYSTEM VALUE VALUES (249, ' ,   ', 161);
INSERT INTO public.professions (id, professions, program_id) OVERRIDING SYSTEM VALUE VALUES (250, '   ', 161);
INSERT INTO public.professions (id, professions, program_id) OVERRIDING SYSTEM VALUE VALUES (251, '  ', 162);
INSERT INTO public.professions (id, professions, program_id) OVERRIDING SYSTEM VALUE VALUES (252, '  ', 162);
INSERT INTO public.professions (id, professions, program_id) OVERRIDING SYSTEM VALUE VALUES (253, ' ', 162);
INSERT INTO public.professions (id, professions, program_id) OVERRIDING SYSTEM VALUE VALUES (254, ' ', 162);
INSERT INTO public.professions (id, professions, program_id) OVERRIDING SYSTEM VALUE VALUES (255, '    ', 162);
INSERT INTO public.professions (id, professions, program_id) OVERRIDING SYSTEM VALUE VALUES (256, '-', 162);
INSERT INTO public.professions (id, professions, program_id) OVERRIDING SYSTEM VALUE VALUES (257, '  ', 162);
INSERT INTO public.professions (id, professions, program_id) OVERRIDING SYSTEM VALUE VALUES (258, '', 162);
INSERT INTO public.professions (id, professions, program_id) OVERRIDING SYSTEM VALUE VALUES (259, '  ', 162);
INSERT INTO public.professions (id, professions, program_id) OVERRIDING SYSTEM VALUE VALUES (260, ' ', 162);
INSERT INTO public.professions (id, professions, program_id) OVERRIDING SYSTEM VALUE VALUES (261, '     ', 162);
INSERT INTO public.professions (id, professions, program_id) OVERRIDING SYSTEM VALUE VALUES (262, '-', 163);
INSERT INTO public.professions (id, professions, program_id) OVERRIDING SYSTEM VALUE VALUES (263, '-', 163);
INSERT INTO public.professions (id, professions, program_id) OVERRIDING SYSTEM VALUE VALUES (264, ' ', 163);
INSERT INTO public.professions (id, professions, program_id) OVERRIDING SYSTEM VALUE VALUES (265, '  ', 163);
INSERT INTO public.professions (id, professions, program_id) OVERRIDING SYSTEM VALUE VALUES (266, '', 163);
INSERT INTO public.professions (id, professions, program_id) OVERRIDING SYSTEM VALUE VALUES (267, '    ', 163);
INSERT INTO public.professions (id, professions, program_id) OVERRIDING SYSTEM VALUE VALUES (268, '       ', 163);
INSERT INTO public.professions (id, professions, program_id) OVERRIDING SYSTEM VALUE VALUES (269, '     ', 163);
INSERT INTO public.professions (id, professions, program_id) OVERRIDING SYSTEM VALUE VALUES (270, '-', 164);
INSERT INTO public.professions (id, professions, program_id) OVERRIDING SYSTEM VALUE VALUES (271, '-', 164);
INSERT INTO public.professions (id, professions, program_id) OVERRIDING SYSTEM VALUE VALUES (272, '-', 164);
INSERT INTO public.professions (id, professions, program_id) OVERRIDING SYSTEM VALUE VALUES (273, '', 164);
INSERT INTO public.professions (id, professions, program_id) OVERRIDING SYSTEM VALUE VALUES (274, '', 164);
INSERT INTO public.professions (id, professions, program_id) OVERRIDING SYSTEM VALUE VALUES (275, '-', 164);
INSERT INTO public.professions (id, professions, program_id) OVERRIDING SYSTEM VALUE VALUES (276, '-  ', 164);
INSERT INTO public.professions (id, professions, program_id) OVERRIDING SYSTEM VALUE VALUES (277, '  - ', 164);
INSERT INTO public.professions (id, professions, program_id) OVERRIDING SYSTEM VALUE VALUES (278, '   ', 164);
INSERT INTO public.professions (id, professions, program_id) OVERRIDING SYSTEM VALUE VALUES (279, '      ', 164);
INSERT INTO public.professions (id, professions, program_id) OVERRIDING SYSTEM VALUE VALUES (280, '-', 165);
INSERT INTO public.professions (id, professions, program_id) OVERRIDING SYSTEM VALUE VALUES (281, '-', 165);
INSERT INTO public.professions (id, professions, program_id) OVERRIDING SYSTEM VALUE VALUES (282, '-', 165);
INSERT INTO public.professions (id, professions, program_id) OVERRIDING SYSTEM VALUE VALUES (283, '  ', 165);
INSERT INTO public.professions (id, professions, program_id) OVERRIDING SYSTEM VALUE VALUES (284, '-', 165);
INSERT INTO public.professions (id, professions, program_id) OVERRIDING SYSTEM VALUE VALUES (285, '-', 165);
INSERT INTO public.professions (id, professions, program_id) OVERRIDING SYSTEM VALUE VALUES (286, '    ', 165);
INSERT INTO public.professions (id, professions, program_id) OVERRIDING SYSTEM VALUE VALUES (287, '-  ', 165);
INSERT INTO public.professions (id, professions, program_id) OVERRIDING SYSTEM VALUE VALUES (288, '  ', 165);
INSERT INTO public.professions (id, professions, program_id) OVERRIDING SYSTEM VALUE VALUES (289, '-', 166);
INSERT INTO public.professions (id, professions, program_id) OVERRIDING SYSTEM VALUE VALUES (290, ' ', 166);
INSERT INTO public.professions (id, professions, program_id) OVERRIDING SYSTEM VALUE VALUES (291, '  ', 166);
INSERT INTO public.professions (id, professions, program_id) OVERRIDING SYSTEM VALUE VALUES (292, '-     ', 166);
INSERT INTO public.professions (id, professions, program_id) OVERRIDING SYSTEM VALUE VALUES (293, ' ', 166);
INSERT INTO public.professions (id, professions, program_id) OVERRIDING SYSTEM VALUE VALUES (294, '-', 166);
INSERT INTO public.professions (id, professions, program_id) OVERRIDING SYSTEM VALUE VALUES (295, '  ', 166);
INSERT INTO public.professions (id, professions, program_id) OVERRIDING SYSTEM VALUE VALUES (296, '', 166);
INSERT INTO public.professions (id, professions, program_id) OVERRIDING SYSTEM VALUE VALUES (297, '', 166);
INSERT INTO public.professions (id, professions, program_id) OVERRIDING SYSTEM VALUE VALUES (298, '  ', 166);
INSERT INTO public.professions (id, professions, program_id) OVERRIDING SYSTEM VALUE VALUES (299, '    ', 166);
INSERT INTO public.professions (id, professions, program_id) OVERRIDING SYSTEM VALUE VALUES (300, '     ', 167);
INSERT INTO public.professions (id, professions, program_id) OVERRIDING SYSTEM VALUE VALUES (301, '', 167);
INSERT INTO public.professions (id, professions, program_id) OVERRIDING SYSTEM VALUE VALUES (302, '', 167);
INSERT INTO public.professions (id, professions, program_id) OVERRIDING SYSTEM VALUE VALUES (303, '', 167);
INSERT INTO public.professions (id, professions, program_id) OVERRIDING SYSTEM VALUE VALUES (304, ', -', 167);
INSERT INTO public.professions (id, professions, program_id) OVERRIDING SYSTEM VALUE VALUES (305, ' - ', 167);
INSERT INTO public.professions (id, professions, program_id) OVERRIDING SYSTEM VALUE VALUES (306, ' ', 167);
INSERT INTO public.professions (id, professions, program_id) OVERRIDING SYSTEM VALUE VALUES (307, '-   ', 167);
INSERT INTO public.professions (id, professions, program_id) OVERRIDING SYSTEM VALUE VALUES (308, '-', 167);
INSERT INTO public.professions (id, professions, program_id) OVERRIDING SYSTEM VALUE VALUES (309, '    , -', 167);
INSERT INTO public.professions (id, professions, program_id) OVERRIDING SYSTEM VALUE VALUES (310, '  ', 168);
INSERT INTO public.professions (id, professions, program_id) OVERRIDING SYSTEM VALUE VALUES (311, '  - ', 168);
INSERT INTO public.professions (id, professions, program_id) OVERRIDING SYSTEM VALUE VALUES (312, ',    ,  ', 168);
INSERT INTO public.professions (id, professions, program_id) OVERRIDING SYSTEM VALUE VALUES (313, '  ', 168);
INSERT INTO public.professions (id, professions, program_id) OVERRIDING SYSTEM VALUE VALUES (314, '  ', 168);
INSERT INTO public.professions (id, professions, program_id) OVERRIDING SYSTEM VALUE VALUES (315, '-', 168);
INSERT INTO public.professions (id, professions, program_id) OVERRIDING SYSTEM VALUE VALUES (316, '  ', 168);
INSERT INTO public.professions (id, professions, program_id) OVERRIDING SYSTEM VALUE VALUES (317, '-', 169);
INSERT INTO public.professions (id, professions, program_id) OVERRIDING SYSTEM VALUE VALUES (318, '-', 169);
INSERT INTO public.professions (id, professions, program_id) OVERRIDING SYSTEM VALUE VALUES (319, '', 169);
INSERT INTO public.professions (id, professions, program_id) OVERRIDING SYSTEM VALUE VALUES (320, ' , , ', 169);
INSERT INTO public.professions (id, professions, program_id) OVERRIDING SYSTEM VALUE VALUES (321, '      ,  ,       ', 169);
INSERT INTO public.professions (id, professions, program_id) OVERRIDING SYSTEM VALUE VALUES (322, '', 170);
INSERT INTO public.professions (id, professions, program_id) OVERRIDING SYSTEM VALUE VALUES (323, '', 170);
INSERT INTO public.professions (id, professions, program_id) OVERRIDING SYSTEM VALUE VALUES (324, '', 170);
INSERT INTO public.professions (id, professions, program_id) OVERRIDING SYSTEM VALUE VALUES (325, '', 170);
INSERT INTO public.professions (id, professions, program_id) OVERRIDING SYSTEM VALUE VALUES (326, '   ', 170);
INSERT INTO public.professions (id, professions, program_id) OVERRIDING SYSTEM VALUE VALUES (327, '-', 170);
INSERT INTO public.professions (id, professions, program_id) OVERRIDING SYSTEM VALUE VALUES (328, '', 170);
INSERT INTO public.professions (id, professions, program_id) OVERRIDING SYSTEM VALUE VALUES (329, ' ', 170);
INSERT INTO public.professions (id, professions, program_id) OVERRIDING SYSTEM VALUE VALUES (330, '', 171);
INSERT INTO public.professions (id, professions, program_id) OVERRIDING SYSTEM VALUE VALUES (331, '', 171);
INSERT INTO public.professions (id, professions, program_id) OVERRIDING SYSTEM VALUE VALUES (332, '-', 171);
INSERT INTO public.professions (id, professions, program_id) OVERRIDING SYSTEM VALUE VALUES (333, ' ', 171);
INSERT INTO public.professions (id, professions, program_id) OVERRIDING SYSTEM VALUE VALUES (334, ' ', 171);
INSERT INTO public.professions (id, professions, program_id) OVERRIDING SYSTEM VALUE VALUES (335, '-      , , , - , , ,      ,     ,  ,     ', 171);
INSERT INTO public.professions (id, professions, program_id) OVERRIDING SYSTEM VALUE VALUES (336, '', 172);
INSERT INTO public.professions (id, professions, program_id) OVERRIDING SYSTEM VALUE VALUES (337, '', 172);
INSERT INTO public.professions (id, professions, program_id) OVERRIDING SYSTEM VALUE VALUES (338, '     ', 172);
INSERT INTO public.professions (id, professions, program_id) OVERRIDING SYSTEM VALUE VALUES (339, '', 172);
INSERT INTO public.professions (id, professions, program_id) OVERRIDING SYSTEM VALUE VALUES (340, '    ', 172);
INSERT INTO public.professions (id, professions, program_id) OVERRIDING SYSTEM VALUE VALUES (341, '', 172);
INSERT INTO public.professions (id, professions, program_id) OVERRIDING SYSTEM VALUE VALUES (342, '', 172);
INSERT INTO public.professions (id, professions, program_id) OVERRIDING SYSTEM VALUE VALUES (343, '', 172);
INSERT INTO public.professions (id, professions, program_id) OVERRIDING SYSTEM VALUE VALUES (344, '', 172);
INSERT INTO public.professions (id, professions, program_id) OVERRIDING SYSTEM VALUE VALUES (345, '-', 172);
INSERT INTO public.professions (id, professions, program_id) OVERRIDING SYSTEM VALUE VALUES (346, '', 173);
INSERT INTO public.professions (id, professions, program_id) OVERRIDING SYSTEM VALUE VALUES (347, '', 173);
INSERT INTO public.professions (id, professions, program_id) OVERRIDING SYSTEM VALUE VALUES (348, '', 173);
INSERT INTO public.professions (id, professions, program_id) OVERRIDING SYSTEM VALUE VALUES (349, '', 173);
INSERT INTO public.professions (id, professions, program_id) OVERRIDING SYSTEM VALUE VALUES (350, '', 173);
INSERT INTO public.professions (id, professions, program_id) OVERRIDING SYSTEM VALUE VALUES (351, '-', 173);
INSERT INTO public.professions (id, professions, program_id) OVERRIDING SYSTEM VALUE VALUES (352, '', 174);
INSERT INTO public.professions (id, professions, program_id) OVERRIDING SYSTEM VALUE VALUES (353, '-', 174);
INSERT INTO public.professions (id, professions, program_id) OVERRIDING SYSTEM VALUE VALUES (354, '    ', 174);
INSERT INTO public.professions (id, professions, program_id) OVERRIDING SYSTEM VALUE VALUES (355, '    ,           ,    ,        ', 174);
INSERT INTO public.professions (id, professions, program_id) OVERRIDING SYSTEM VALUE VALUES (356, '  (, ,   ..)', 175);
INSERT INTO public.professions (id, professions, program_id) OVERRIDING SYSTEM VALUE VALUES (357, '    ,  , - ', 175);
INSERT INTO public.professions (id, professions, program_id) OVERRIDING SYSTEM VALUE VALUES (358, '    ', 175);
INSERT INTO public.professions (id, professions, program_id) OVERRIDING SYSTEM VALUE VALUES (359, ' - ', 175);
INSERT INTO public.professions (id, professions, program_id) OVERRIDING SYSTEM VALUE VALUES (360, '    ', 175);
INSERT INTO public.professions (id, professions, program_id) OVERRIDING SYSTEM VALUE VALUES (361, '-', 176);
INSERT INTO public.professions (id, professions, program_id) OVERRIDING SYSTEM VALUE VALUES (362, '   ', 176);
INSERT INTO public.professions (id, professions, program_id) OVERRIDING SYSTEM VALUE VALUES (363, '    ,  ', 176);
INSERT INTO public.professions (id, professions, program_id) OVERRIDING SYSTEM VALUE VALUES (364, '-', 176);
INSERT INTO public.professions (id, professions, program_id) OVERRIDING SYSTEM VALUE VALUES (365, '', 176);
INSERT INTO public.professions (id, professions, program_id) OVERRIDING SYSTEM VALUE VALUES (366, '  ', 177);
INSERT INTO public.professions (id, professions, program_id) OVERRIDING SYSTEM VALUE VALUES (367, ' ', 177);
INSERT INTO public.professions (id, professions, program_id) OVERRIDING SYSTEM VALUE VALUES (368, '   ', 177);
INSERT INTO public.professions (id, professions, program_id) OVERRIDING SYSTEM VALUE VALUES (369, '   ', 177);
INSERT INTO public.professions (id, professions, program_id) OVERRIDING SYSTEM VALUE VALUES (370, ' - ', 177);
INSERT INTO public.professions (id, professions, program_id) OVERRIDING SYSTEM VALUE VALUES (371, '', 177);
INSERT INTO public.professions (id, professions, program_id) OVERRIDING SYSTEM VALUE VALUES (372, ' - ', 177);
INSERT INTO public.professions (id, professions, program_id) OVERRIDING SYSTEM VALUE VALUES (373, ' ', 177);
INSERT INTO public.professions (id, professions, program_id) OVERRIDING SYSTEM VALUE VALUES (374, '-', 178);
INSERT INTO public.professions (id, professions, program_id) OVERRIDING SYSTEM VALUE VALUES (375, ' ', 178);
INSERT INTO public.professions (id, professions, program_id) OVERRIDING SYSTEM VALUE VALUES (376, ' ', 178);
INSERT INTO public.professions (id, professions, program_id) OVERRIDING SYSTEM VALUE VALUES (377, ' - ', 178);
INSERT INTO public.professions (id, professions, program_id) OVERRIDING SYSTEM VALUE VALUES (378, ' ', 178);
INSERT INTO public.professions (id, professions, program_id) OVERRIDING SYSTEM VALUE VALUES (379, ' ', 179);
INSERT INTO public.professions (id, professions, program_id) OVERRIDING SYSTEM VALUE VALUES (380, ' ', 179);
INSERT INTO public.professions (id, professions, program_id) OVERRIDING SYSTEM VALUE VALUES (381, '', 179);
INSERT INTO public.professions (id, professions, program_id) OVERRIDING SYSTEM VALUE VALUES (382, '  ', 179);
INSERT INTO public.professions (id, professions, program_id) OVERRIDING SYSTEM VALUE VALUES (383, '  ', 179);
INSERT INTO public.professions (id, professions, program_id) OVERRIDING SYSTEM VALUE VALUES (384, '   ', 179);
INSERT INTO public.professions (id, professions, program_id) OVERRIDING SYSTEM VALUE VALUES (385, '    ', 179);
INSERT INTO public.professions (id, professions, program_id) OVERRIDING SYSTEM VALUE VALUES (386, '-', 180);
INSERT INTO public.professions (id, professions, program_id) OVERRIDING SYSTEM VALUE VALUES (387, '     ', 180);
INSERT INTO public.professions (id, professions, program_id) OVERRIDING SYSTEM VALUE VALUES (388, '-', 180);
INSERT INTO public.professions (id, professions, program_id) OVERRIDING SYSTEM VALUE VALUES (389, ' ', 180);
INSERT INTO public.professions (id, professions, program_id) OVERRIDING SYSTEM VALUE VALUES (390, 'BIM - ', 180);
INSERT INTO public.professions (id, professions, program_id) OVERRIDING SYSTEM VALUE VALUES (391, '-', 181);
INSERT INTO public.professions (id, professions, program_id) OVERRIDING SYSTEM VALUE VALUES (392, '    ', 181);
INSERT INTO public.professions (id, professions, program_id) OVERRIDING SYSTEM VALUE VALUES (393, '     ', 181);
INSERT INTO public.professions (id, professions, program_id) OVERRIDING SYSTEM VALUE VALUES (394, '  - ', 181);
INSERT INTO public.professions (id, professions, program_id) OVERRIDING SYSTEM VALUE VALUES (395, '   ', 181);
INSERT INTO public.professions (id, professions, program_id) OVERRIDING SYSTEM VALUE VALUES (396, '-', 181);
INSERT INTO public.professions (id, professions, program_id) OVERRIDING SYSTEM VALUE VALUES (397, '-', 181);
INSERT INTO public.professions (id, professions, program_id) OVERRIDING SYSTEM VALUE VALUES (398, '  ', 181);
INSERT INTO public.professions (id, professions, program_id) OVERRIDING SYSTEM VALUE VALUES (399, '  ,    ', 181);
INSERT INTO public.professions (id, professions, program_id) OVERRIDING SYSTEM VALUE VALUES (400, '    ', 181);
INSERT INTO public.professions (id, professions, program_id) OVERRIDING SYSTEM VALUE VALUES (401, '   ', 181);
INSERT INTO public.professions (id, professions, program_id) OVERRIDING SYSTEM VALUE VALUES (402, ' ()   ', 181);
INSERT INTO public.professions (id, professions, program_id) OVERRIDING SYSTEM VALUE VALUES (403, '    IT-', 182);
INSERT INTO public.professions (id, professions, program_id) OVERRIDING SYSTEM VALUE VALUES (404, ' ', 182);
INSERT INTO public.professions (id, professions, program_id) OVERRIDING SYSTEM VALUE VALUES (405, ' ', 182);
INSERT INTO public.professions (id, professions, program_id) OVERRIDING SYSTEM VALUE VALUES (406, '   ', 182);
INSERT INTO public.professions (id, professions, program_id) OVERRIDING SYSTEM VALUE VALUES (407, '   ', 182);
INSERT INTO public.professions (id, professions, program_id) OVERRIDING SYSTEM VALUE VALUES (408, '', 183);
INSERT INTO public.professions (id, professions, program_id) OVERRIDING SYSTEM VALUE VALUES (409, ' ', 183);
INSERT INTO public.professions (id, professions, program_id) OVERRIDING SYSTEM VALUE VALUES (410, '    ', 183);
INSERT INTO public.professions (id, professions, program_id) OVERRIDING SYSTEM VALUE VALUES (411, ' ', 183);
INSERT INTO public.professions (id, professions, program_id) OVERRIDING SYSTEM VALUE VALUES (412, '-', 183);
INSERT INTO public.professions (id, professions, program_id) OVERRIDING SYSTEM VALUE VALUES (413, 'iOS-', 183);
INSERT INTO public.professions (id, professions, program_id) OVERRIDING SYSTEM VALUE VALUES (414, 'Android-', 183);
INSERT INTO public.professions (id, professions, program_id) OVERRIDING SYSTEM VALUE VALUES (415, '  ', 183);
INSERT INTO public.professions (id, professions, program_id) OVERRIDING SYSTEM VALUE VALUES (416, '  ', 183);
INSERT INTO public.professions (id, professions, program_id) OVERRIDING SYSTEM VALUE VALUES (417, '-', 183);
INSERT INTO public.professions (id, professions, program_id) OVERRIDING SYSTEM VALUE VALUES (418, 'Intelligent Systems Developer', 183);
INSERT INTO public.professions (id, professions, program_id) OVERRIDING SYSTEM VALUE VALUES (419, ' ', 184);
INSERT INTO public.professions (id, professions, program_id) OVERRIDING SYSTEM VALUE VALUES (420, '/', 184);
INSERT INTO public.professions (id, professions, program_id) OVERRIDING SYSTEM VALUE VALUES (421, 'Big Data ', 184);
INSERT INTO public.professions (id, professions, program_id) OVERRIDING SYSTEM VALUE VALUES (422, ' ', 184);
INSERT INTO public.professions (id, professions, program_id) OVERRIDING SYSTEM VALUE VALUES (423, '  -', 184);
INSERT INTO public.professions (id, professions, program_id) OVERRIDING SYSTEM VALUE VALUES (424, '  ', 184);
INSERT INTO public.professions (id, professions, program_id) OVERRIDING SYSTEM VALUE VALUES (425, '  ', 185);
INSERT INTO public.professions (id, professions, program_id) OVERRIDING SYSTEM VALUE VALUES (426, '    ', 185);
INSERT INTO public.professions (id, professions, program_id) OVERRIDING SYSTEM VALUE VALUES (427, '   ', 185);
INSERT INTO public.professions (id, professions, program_id) OVERRIDING SYSTEM VALUE VALUES (428, '   ', 185);
INSERT INTO public.professions (id, professions, program_id) OVERRIDING SYSTEM VALUE VALUES (429, ' -', 185);
INSERT INTO public.professions (id, professions, program_id) OVERRIDING SYSTEM VALUE VALUES (430, '-  ', 185);
INSERT INTO public.professions (id, professions, program_id) OVERRIDING SYSTEM VALUE VALUES (431, ' : , , ', 186);
INSERT INTO public.professions (id, professions, program_id) OVERRIDING SYSTEM VALUE VALUES (432, '          ', 186);
INSERT INTO public.professions (id, professions, program_id) OVERRIDING SYSTEM VALUE VALUES (433, ' ', 186);
INSERT INTO public.professions (id, professions, program_id) OVERRIDING SYSTEM VALUE VALUES (434, '   ', 186);
INSERT INTO public.professions (id, professions, program_id) OVERRIDING SYSTEM VALUE VALUES (435, ',       ,    ', 186);
INSERT INTO public.professions (id, professions, program_id) OVERRIDING SYSTEM VALUE VALUES (436, '     ', 186);
INSERT INTO public.professions (id, professions, program_id) OVERRIDING SYSTEM VALUE VALUES (437, '-', 187);
INSERT INTO public.professions (id, professions, program_id) OVERRIDING SYSTEM VALUE VALUES (438, '-', 187);
INSERT INTO public.professions (id, professions, program_id) OVERRIDING SYSTEM VALUE VALUES (439, '   ', 187);
INSERT INTO public.professions (id, professions, program_id) OVERRIDING SYSTEM VALUE VALUES (440, '-     ', 187);
INSERT INTO public.professions (id, professions, program_id) OVERRIDING SYSTEM VALUE VALUES (441, '     ', 187);
INSERT INTO public.professions (id, professions, program_id) OVERRIDING SYSTEM VALUE VALUES (442, '    ', 187);
INSERT INTO public.professions (id, professions, program_id) OVERRIDING SYSTEM VALUE VALUES (443, '    ', 187);
INSERT INTO public.professions (id, professions, program_id) OVERRIDING SYSTEM VALUE VALUES (444, '  ', 187);
INSERT INTO public.professions (id, professions, program_id) OVERRIDING SYSTEM VALUE VALUES (445, '    ', 187);
INSERT INTO public.professions (id, professions, program_id) OVERRIDING SYSTEM VALUE VALUES (446, '   ', 187);
INSERT INTO public.professions (id, professions, program_id) OVERRIDING SYSTEM VALUE VALUES (463, '   ', 188);
INSERT INTO public.professions (id, professions, program_id) OVERRIDING SYSTEM VALUE VALUES (464, '   ', 188);
INSERT INTO public.professions (id, professions, program_id) OVERRIDING SYSTEM VALUE VALUES (465, ' ', 188);
INSERT INTO public.professions (id, professions, program_id) OVERRIDING SYSTEM VALUE VALUES (466, ' -', 188);
INSERT INTO public.professions (id, professions, program_id) OVERRIDING SYSTEM VALUE VALUES (467, '     ', 188);
INSERT INTO public.professions (id, professions, program_id) OVERRIDING SYSTEM VALUE VALUES (468, '      ', 188);
INSERT INTO public.professions (id, professions, program_id) OVERRIDING SYSTEM VALUE VALUES (469, '-', 189);
INSERT INTO public.professions (id, professions, program_id) OVERRIDING SYSTEM VALUE VALUES (470, '-', 189);
INSERT INTO public.professions (id, professions, program_id) OVERRIDING SYSTEM VALUE VALUES (471, '  ', 189);
INSERT INTO public.professions (id, professions, program_id) OVERRIDING SYSTEM VALUE VALUES (472, '-  ', 189);
INSERT INTO public.professions (id, professions, program_id) OVERRIDING SYSTEM VALUE VALUES (473, ' -   ', 189);
INSERT INTO public.professions (id, professions, program_id) OVERRIDING SYSTEM VALUE VALUES (474, '   ', 189);
INSERT INTO public.professions (id, professions, program_id) OVERRIDING SYSTEM VALUE VALUES (475, '-    ', 189);
INSERT INTO public.professions (id, professions, program_id) OVERRIDING SYSTEM VALUE VALUES (476, '-  ', 189);
INSERT INTO public.professions (id, professions, program_id) OVERRIDING SYSTEM VALUE VALUES (477, ' ', 189);
INSERT INTO public.professions (id, professions, program_id) OVERRIDING SYSTEM VALUE VALUES (478, ' - ', 190);
INSERT INTO public.professions (id, professions, program_id) OVERRIDING SYSTEM VALUE VALUES (479, '      ', 190);
INSERT INTO public.professions (id, professions, program_id) OVERRIDING SYSTEM VALUE VALUES (480, '-', 190);
INSERT INTO public.professions (id, professions, program_id) OVERRIDING SYSTEM VALUE VALUES (481, '-  ', 190);
INSERT INTO public.professions (id, professions, program_id) OVERRIDING SYSTEM VALUE VALUES (482, '-    ', 190);
INSERT INTO public.professions (id, professions, program_id) OVERRIDING SYSTEM VALUE VALUES (483, ' -  ()', 190);
INSERT INTO public.professions (id, professions, program_id) OVERRIDING SYSTEM VALUE VALUES (484, '       ', 190);
INSERT INTO public.professions (id, professions, program_id) OVERRIDING SYSTEM VALUE VALUES (485, '      ', 190);
INSERT INTO public.professions (id, professions, program_id) OVERRIDING SYSTEM VALUE VALUES (486, '-', 191);
INSERT INTO public.professions (id, professions, program_id) OVERRIDING SYSTEM VALUE VALUES (487, '    ', 191);
INSERT INTO public.professions (id, professions, program_id) OVERRIDING SYSTEM VALUE VALUES (488, '-    - ', 191);
INSERT INTO public.professions (id, professions, program_id) OVERRIDING SYSTEM VALUE VALUES (489, '   ', 191);
INSERT INTO public.professions (id, professions, program_id) OVERRIDING SYSTEM VALUE VALUES (490, '    ', 191);
INSERT INTO public.professions (id, professions, program_id) OVERRIDING SYSTEM VALUE VALUES (491, '-  ', 191);
INSERT INTO public.professions (id, professions, program_id) OVERRIDING SYSTEM VALUE VALUES (492, '     ', 191);
INSERT INTO public.professions (id, professions, program_id) OVERRIDING SYSTEM VALUE VALUES (493, '-', 192);
INSERT INTO public.professions (id, professions, program_id) OVERRIDING SYSTEM VALUE VALUES (494, '-', 192);
INSERT INTO public.professions (id, professions, program_id) OVERRIDING SYSTEM VALUE VALUES (495, '', 192);
INSERT INTO public.professions (id, professions, program_id) OVERRIDING SYSTEM VALUE VALUES (496, '       ', 192);
INSERT INTO public.professions (id, professions, program_id) OVERRIDING SYSTEM VALUE VALUES (497, '  -   ', 192);
INSERT INTO public.professions (id, professions, program_id) OVERRIDING SYSTEM VALUE VALUES (498, '       ', 192);
INSERT INTO public.professions (id, professions, program_id) OVERRIDING SYSTEM VALUE VALUES (499, ' ', 192);
INSERT INTO public.professions (id, professions, program_id) OVERRIDING SYSTEM VALUE VALUES (500, '-', 193);
INSERT INTO public.professions (id, professions, program_id) OVERRIDING SYSTEM VALUE VALUES (501, ' /', 193);
INSERT INTO public.professions (id, professions, program_id) OVERRIDING SYSTEM VALUE VALUES (502, '   ', 193);
INSERT INTO public.professions (id, professions, program_id) OVERRIDING SYSTEM VALUE VALUES (503, '-   ', 193);
INSERT INTO public.professions (id, professions, program_id) OVERRIDING SYSTEM VALUE VALUES (504, '-   ', 193);
INSERT INTO public.professions (id, professions, program_id) OVERRIDING SYSTEM VALUE VALUES (505, '    ', 193);
INSERT INTO public.professions (id, professions, program_id) OVERRIDING SYSTEM VALUE VALUES (506, '    ', 193);
INSERT INTO public.professions (id, professions, program_id) OVERRIDING SYSTEM VALUE VALUES (507, '-', 194);
INSERT INTO public.professions (id, professions, program_id) OVERRIDING SYSTEM VALUE VALUES (508, '  ', 194);
INSERT INTO public.professions (id, professions, program_id) OVERRIDING SYSTEM VALUE VALUES (509, '   ', 194);
INSERT INTO public.professions (id, professions, program_id) OVERRIDING SYSTEM VALUE VALUES (510, '', 194);
INSERT INTO public.professions (id, professions, program_id) OVERRIDING SYSTEM VALUE VALUES (511, '-', 194);
INSERT INTO public.professions (id, professions, program_id) OVERRIDING SYSTEM VALUE VALUES (512, ',    ', 194);
INSERT INTO public.professions (id, professions, program_id) OVERRIDING SYSTEM VALUE VALUES (513, '    ', 195);
INSERT INTO public.professions (id, professions, program_id) OVERRIDING SYSTEM VALUE VALUES (514, '   ', 195);
INSERT INTO public.professions (id, professions, program_id) OVERRIDING SYSTEM VALUE VALUES (515, '      ', 195);
INSERT INTO public.professions (id, professions, program_id) OVERRIDING SYSTEM VALUE VALUES (516, '-', 195);
INSERT INTO public.professions (id, professions, program_id) OVERRIDING SYSTEM VALUE VALUES (517, '   ', 195);
INSERT INTO public.professions (id, professions, program_id) OVERRIDING SYSTEM VALUE VALUES (518, '   ', 195);
INSERT INTO public.professions (id, professions, program_id) OVERRIDING SYSTEM VALUE VALUES (519, ' ', 195);
INSERT INTO public.professions (id, professions, program_id) OVERRIDING SYSTEM VALUE VALUES (520, '   ', 195);
INSERT INTO public.professions (id, professions, program_id) OVERRIDING SYSTEM VALUE VALUES (521, ' - ', 195);
INSERT INTO public.professions (id, professions, program_id) OVERRIDING SYSTEM VALUE VALUES (522, '-', 196);
INSERT INTO public.professions (id, professions, program_id) OVERRIDING SYSTEM VALUE VALUES (523, ' ', 196);
INSERT INTO public.professions (id, professions, program_id) OVERRIDING SYSTEM VALUE VALUES (524, '-', 196);
INSERT INTO public.professions (id, professions, program_id) OVERRIDING SYSTEM VALUE VALUES (525, '       ', 196);
INSERT INTO public.professions (id, professions, program_id) OVERRIDING SYSTEM VALUE VALUES (526, '  -   ', 196);
INSERT INTO public.professions (id, professions, program_id) OVERRIDING SYSTEM VALUE VALUES (527, '-', 197);
INSERT INTO public.professions (id, professions, program_id) OVERRIDING SYSTEM VALUE VALUES (528, '-', 197);
INSERT INTO public.professions (id, professions, program_id) OVERRIDING SYSTEM VALUE VALUES (529, '-', 197);
INSERT INTO public.professions (id, professions, program_id) OVERRIDING SYSTEM VALUE VALUES (530, '-', 197);
INSERT INTO public.professions (id, professions, program_id) OVERRIDING SYSTEM VALUE VALUES (531, '  ', 197);
INSERT INTO public.professions (id, professions, program_id) OVERRIDING SYSTEM VALUE VALUES (532, '  ', 197);
INSERT INTO public.professions (id, professions, program_id) OVERRIDING SYSTEM VALUE VALUES (533, '-', 198);
INSERT INTO public.professions (id, professions, program_id) OVERRIDING SYSTEM VALUE VALUES (534, '-  ', 198);
INSERT INTO public.professions (id, professions, program_id) OVERRIDING SYSTEM VALUE VALUES (535, '    ', 198);
INSERT INTO public.professions (id, professions, program_id) OVERRIDING SYSTEM VALUE VALUES (536, '  ', 198);
INSERT INTO public.professions (id, professions, program_id) OVERRIDING SYSTEM VALUE VALUES (537, '  ', 198);
INSERT INTO public.professions (id, professions, program_id) OVERRIDING SYSTEM VALUE VALUES (538, '-', 198);
INSERT INTO public.professions (id, professions, program_id) OVERRIDING SYSTEM VALUE VALUES (539, '     ', 198);
INSERT INTO public.professions (id, professions, program_id) OVERRIDING SYSTEM VALUE VALUES (540, '    ', 199);
INSERT INTO public.professions (id, professions, program_id) OVERRIDING SYSTEM VALUE VALUES (541, '  ', 199);
INSERT INTO public.professions (id, professions, program_id) OVERRIDING SYSTEM VALUE VALUES (542, '    :  ,  ', 199);
INSERT INTO public.professions (id, professions, program_id) OVERRIDING SYSTEM VALUE VALUES (543, '    ', 199);
INSERT INTO public.professions (id, professions, program_id) OVERRIDING SYSTEM VALUE VALUES (544, '   ', 199);
INSERT INTO public.professions (id, professions, program_id) OVERRIDING SYSTEM VALUE VALUES (545, '', 200);
INSERT INTO public.professions (id, professions, program_id) OVERRIDING SYSTEM VALUE VALUES (546, '', 200);
INSERT INTO public.professions (id, professions, program_id) OVERRIDING SYSTEM VALUE VALUES (547, '-', 200);
INSERT INTO public.professions (id, professions, program_id) OVERRIDING SYSTEM VALUE VALUES (548, '', 200);
INSERT INTO public.professions (id, professions, program_id) OVERRIDING SYSTEM VALUE VALUES (549, '  ', 200);
INSERT INTO public.professions (id, professions, program_id) OVERRIDING SYSTEM VALUE VALUES (550, '-', 200);
INSERT INTO public.professions (id, professions, program_id) OVERRIDING SYSTEM VALUE VALUES (551, '-', 200);
INSERT INTO public.professions (id, professions, program_id) OVERRIDING SYSTEM VALUE VALUES (552, '     ', 200);
INSERT INTO public.professions (id, professions, program_id) OVERRIDING SYSTEM VALUE VALUES (553, '     ', 201);
INSERT INTO public.professions (id, professions, program_id) OVERRIDING SYSTEM VALUE VALUES (554, '   ', 201);
INSERT INTO public.professions (id, professions, program_id) OVERRIDING SYSTEM VALUE VALUES (555, '      ', 201);
INSERT INTO public.professions (id, professions, program_id) OVERRIDING SYSTEM VALUE VALUES (556, '-', 201);
INSERT INTO public.professions (id, professions, program_id) OVERRIDING SYSTEM VALUE VALUES (557, '', 201);
INSERT INTO public.professions (id, professions, program_id) OVERRIDING SYSTEM VALUE VALUES (558, '-    ', 201);
INSERT INTO public.professions (id, professions, program_id) OVERRIDING SYSTEM VALUE VALUES (559, '', 202);
INSERT INTO public.professions (id, professions, program_id) OVERRIDING SYSTEM VALUE VALUES (560, '', 202);
INSERT INTO public.professions (id, professions, program_id) OVERRIDING SYSTEM VALUE VALUES (561, '', 202);
INSERT INTO public.professions (id, professions, program_id) OVERRIDING SYSTEM VALUE VALUES (562, '', 202);
INSERT INTO public.professions (id, professions, program_id) OVERRIDING SYSTEM VALUE VALUES (563, '', 202);
INSERT INTO public.professions (id, professions, program_id) OVERRIDING SYSTEM VALUE VALUES (564, '  ', 203);
INSERT INTO public.professions (id, professions, program_id) OVERRIDING SYSTEM VALUE VALUES (565, '  ', 203);
INSERT INTO public.professions (id, professions, program_id) OVERRIDING SYSTEM VALUE VALUES (566, '  , ', 203);
INSERT INTO public.professions (id, professions, program_id) OVERRIDING SYSTEM VALUE VALUES (567, '-', 203);
INSERT INTO public.professions (id, professions, program_id) OVERRIDING SYSTEM VALUE VALUES (568, '     ', 203);
INSERT INTO public.professions (id, professions, program_id) OVERRIDING SYSTEM VALUE VALUES (569, '-    ', 203);
INSERT INTO public.professions (id, professions, program_id) OVERRIDING SYSTEM VALUE VALUES (570, '     ', 204);
INSERT INTO public.professions (id, professions, program_id) OVERRIDING SYSTEM VALUE VALUES (571, '   ', 204);
INSERT INTO public.professions (id, professions, program_id) OVERRIDING SYSTEM VALUE VALUES (572, '-', 204);
INSERT INTO public.professions (id, professions, program_id) OVERRIDING SYSTEM VALUE VALUES (573, '  ', 204);
INSERT INTO public.professions (id, professions, program_id) OVERRIDING SYSTEM VALUE VALUES (574, '   ', 204);
INSERT INTO public.professions (id, professions, program_id) OVERRIDING SYSTEM VALUE VALUES (575, ' ', 205);
INSERT INTO public.professions (id, professions, program_id) OVERRIDING SYSTEM VALUE VALUES (576, '', 205);
INSERT INTO public.professions (id, professions, program_id) OVERRIDING SYSTEM VALUE VALUES (577, '-  ', 205);
INSERT INTO public.professions (id, professions, program_id) OVERRIDING SYSTEM VALUE VALUES (578, '  ', 205);
INSERT INTO public.professions (id, professions, program_id) OVERRIDING SYSTEM VALUE VALUES (579, '      ', 205);
INSERT INTO public.professions (id, professions, program_id) OVERRIDING SYSTEM VALUE VALUES (580, '     ', 205);
INSERT INTO public.professions (id, professions, program_id) OVERRIDING SYSTEM VALUE VALUES (581, '   ', 206);
INSERT INTO public.professions (id, professions, program_id) OVERRIDING SYSTEM VALUE VALUES (582, '   ,       ', 206);
INSERT INTO public.professions (id, professions, program_id) OVERRIDING SYSTEM VALUE VALUES (583, '   ', 206);
INSERT INTO public.professions (id, professions, program_id) OVERRIDING SYSTEM VALUE VALUES (584, '   ', 206);
INSERT INTO public.professions (id, professions, program_id) OVERRIDING SYSTEM VALUE VALUES (585, '   ', 206);
INSERT INTO public.professions (id, professions, program_id) OVERRIDING SYSTEM VALUE VALUES (827, '', 250);
INSERT INTO public.professions (id, professions, program_id) OVERRIDING SYSTEM VALUE VALUES (586, '    ', 206);
INSERT INTO public.professions (id, professions, program_id) OVERRIDING SYSTEM VALUE VALUES (587, '   ', 206);
INSERT INTO public.professions (id, professions, program_id) OVERRIDING SYSTEM VALUE VALUES (588, '    ', 207);
INSERT INTO public.professions (id, professions, program_id) OVERRIDING SYSTEM VALUE VALUES (589, '    ', 207);
INSERT INTO public.professions (id, professions, program_id) OVERRIDING SYSTEM VALUE VALUES (590, '     ', 207);
INSERT INTO public.professions (id, professions, program_id) OVERRIDING SYSTEM VALUE VALUES (591, '-', 207);
INSERT INTO public.professions (id, professions, program_id) OVERRIDING SYSTEM VALUE VALUES (592, '-   (,  )', 207);
INSERT INTO public.professions (id, professions, program_id) OVERRIDING SYSTEM VALUE VALUES (593, '  (- )', 207);
INSERT INTO public.professions (id, professions, program_id) OVERRIDING SYSTEM VALUE VALUES (594, '-', 207);
INSERT INTO public.professions (id, professions, program_id) OVERRIDING SYSTEM VALUE VALUES (595, ' ', 208);
INSERT INTO public.professions (id, professions, program_id) OVERRIDING SYSTEM VALUE VALUES (596, '  ', 208);
INSERT INTO public.professions (id, professions, program_id) OVERRIDING SYSTEM VALUE VALUES (597, '   ', 208);
INSERT INTO public.professions (id, professions, program_id) OVERRIDING SYSTEM VALUE VALUES (598, '- ', 208);
INSERT INTO public.professions (id, professions, program_id) OVERRIDING SYSTEM VALUE VALUES (599, '-', 208);
INSERT INTO public.professions (id, professions, program_id) OVERRIDING SYSTEM VALUE VALUES (600, '  ', 208);
INSERT INTO public.professions (id, professions, program_id) OVERRIDING SYSTEM VALUE VALUES (601, '  ', 208);
INSERT INTO public.professions (id, professions, program_id) OVERRIDING SYSTEM VALUE VALUES (602, '      ', 208);
INSERT INTO public.professions (id, professions, program_id) OVERRIDING SYSTEM VALUE VALUES (603, ' ', 209);
INSERT INTO public.professions (id, professions, program_id) OVERRIDING SYSTEM VALUE VALUES (682, '  , -  ', 224);
INSERT INTO public.professions (id, professions, program_id) OVERRIDING SYSTEM VALUE VALUES (773, '', 239);
INSERT INTO public.professions (id, professions, program_id) OVERRIDING SYSTEM VALUE VALUES (604, '    ,  ,  , GPS-, ', 209);
INSERT INTO public.professions (id, professions, program_id) OVERRIDING SYSTEM VALUE VALUES (605, '     ,  ', 209);
INSERT INTO public.professions (id, professions, program_id) OVERRIDING SYSTEM VALUE VALUES (606, '   -,                - ', 209);
INSERT INTO public.professions (id, professions, program_id) OVERRIDING SYSTEM VALUE VALUES (607, '', 210);
INSERT INTO public.professions (id, professions, program_id) OVERRIDING SYSTEM VALUE VALUES (608, '', 210);
INSERT INTO public.professions (id, professions, program_id) OVERRIDING SYSTEM VALUE VALUES (609, '', 210);
INSERT INTO public.professions (id, professions, program_id) OVERRIDING SYSTEM VALUE VALUES (610, '', 210);
INSERT INTO public.professions (id, professions, program_id) OVERRIDING SYSTEM VALUE VALUES (611, '-', 210);
INSERT INTO public.professions (id, professions, program_id) OVERRIDING SYSTEM VALUE VALUES (612, '-', 210);
INSERT INTO public.professions (id, professions, program_id) OVERRIDING SYSTEM VALUE VALUES (613, '   (  )', 210);
INSERT INTO public.professions (id, professions, program_id) OVERRIDING SYSTEM VALUE VALUES (614, '-', 211);
INSERT INTO public.professions (id, professions, program_id) OVERRIDING SYSTEM VALUE VALUES (615, '', 211);
INSERT INTO public.professions (id, professions, program_id) OVERRIDING SYSTEM VALUE VALUES (616, '-', 211);
INSERT INTO public.professions (id, professions, program_id) OVERRIDING SYSTEM VALUE VALUES (617, '', 211);
INSERT INTO public.professions (id, professions, program_id) OVERRIDING SYSTEM VALUE VALUES (618, '      ', 211);
INSERT INTO public.professions (id, professions, program_id) OVERRIDING SYSTEM VALUE VALUES (619, '      ', 211);
INSERT INTO public.professions (id, professions, program_id) OVERRIDING SYSTEM VALUE VALUES (620, '-   ', 211);
INSERT INTO public.professions (id, professions, program_id) OVERRIDING SYSTEM VALUE VALUES (621, '-', 212);
INSERT INTO public.professions (id, professions, program_id) OVERRIDING SYSTEM VALUE VALUES (622, '  ', 212);
INSERT INTO public.professions (id, professions, program_id) OVERRIDING SYSTEM VALUE VALUES (623, '   ', 212);
INSERT INTO public.professions (id, professions, program_id) OVERRIDING SYSTEM VALUE VALUES (624, '   ', 212);
INSERT INTO public.professions (id, professions, program_id) OVERRIDING SYSTEM VALUE VALUES (625, '     ', 212);
INSERT INTO public.professions (id, professions, program_id) OVERRIDING SYSTEM VALUE VALUES (626, '', 213);
INSERT INTO public.professions (id, professions, program_id) OVERRIDING SYSTEM VALUE VALUES (627, '-', 213);
INSERT INTO public.professions (id, professions, program_id) OVERRIDING SYSTEM VALUE VALUES (628, ' ', 213);
INSERT INTO public.professions (id, professions, program_id) OVERRIDING SYSTEM VALUE VALUES (629, '', 213);
INSERT INTO public.professions (id, professions, program_id) OVERRIDING SYSTEM VALUE VALUES (630, '   ', 213);
INSERT INTO public.professions (id, professions, program_id) OVERRIDING SYSTEM VALUE VALUES (631, '   ', 213);
INSERT INTO public.professions (id, professions, program_id) OVERRIDING SYSTEM VALUE VALUES (632, '-', 214);
INSERT INTO public.professions (id, professions, program_id) OVERRIDING SYSTEM VALUE VALUES (633, '-', 214);
INSERT INTO public.professions (id, professions, program_id) OVERRIDING SYSTEM VALUE VALUES (634, '-', 214);
INSERT INTO public.professions (id, professions, program_id) OVERRIDING SYSTEM VALUE VALUES (635, '  ', 214);
INSERT INTO public.professions (id, professions, program_id) OVERRIDING SYSTEM VALUE VALUES (636, ' ', 214);
INSERT INTO public.professions (id, professions, program_id) OVERRIDING SYSTEM VALUE VALUES (637, ' ', 214);
INSERT INTO public.professions (id, professions, program_id) OVERRIDING SYSTEM VALUE VALUES (638, '    ', 214);
INSERT INTO public.professions (id, professions, program_id) OVERRIDING SYSTEM VALUE VALUES (639, ' ', 214);
INSERT INTO public.professions (id, professions, program_id) OVERRIDING SYSTEM VALUE VALUES (640, '', 215);
INSERT INTO public.professions (id, professions, program_id) OVERRIDING SYSTEM VALUE VALUES (641, '     ', 215);
INSERT INTO public.professions (id, professions, program_id) OVERRIDING SYSTEM VALUE VALUES (642, ' ', 215);
INSERT INTO public.professions (id, professions, program_id) OVERRIDING SYSTEM VALUE VALUES (643, '   ', 215);
INSERT INTO public.professions (id, professions, program_id) OVERRIDING SYSTEM VALUE VALUES (644, '', 216);
INSERT INTO public.professions (id, professions, program_id) OVERRIDING SYSTEM VALUE VALUES (645, '     ', 216);
INSERT INTO public.professions (id, professions, program_id) OVERRIDING SYSTEM VALUE VALUES (646, '   ', 216);
INSERT INTO public.professions (id, professions, program_id) OVERRIDING SYSTEM VALUE VALUES (647, '   ', 216);
INSERT INTO public.professions (id, professions, program_id) OVERRIDING SYSTEM VALUE VALUES (648, '  ,   ', 217);
INSERT INTO public.professions (id, professions, program_id) OVERRIDING SYSTEM VALUE VALUES (649, '   ', 217);
INSERT INTO public.professions (id, professions, program_id) OVERRIDING SYSTEM VALUE VALUES (650, '  ', 217);
INSERT INTO public.professions (id, professions, program_id) OVERRIDING SYSTEM VALUE VALUES (651, '   ', 217);
INSERT INTO public.professions (id, professions, program_id) OVERRIDING SYSTEM VALUE VALUES (652, '   ', 218);
INSERT INTO public.professions (id, professions, program_id) OVERRIDING SYSTEM VALUE VALUES (653, ' ', 218);
INSERT INTO public.professions (id, professions, program_id) OVERRIDING SYSTEM VALUE VALUES (654, '  ', 218);
INSERT INTO public.professions (id, professions, program_id) OVERRIDING SYSTEM VALUE VALUES (655, '   ', 219);
INSERT INTO public.professions (id, professions, program_id) OVERRIDING SYSTEM VALUE VALUES (656, '  ', 219);
INSERT INTO public.professions (id, professions, program_id) OVERRIDING SYSTEM VALUE VALUES (657, '', 219);
INSERT INTO public.professions (id, professions, program_id) OVERRIDING SYSTEM VALUE VALUES (658, '  ', 219);
INSERT INTO public.professions (id, professions, program_id) OVERRIDING SYSTEM VALUE VALUES (659, '  () ', 219);
INSERT INTO public.professions (id, professions, program_id) OVERRIDING SYSTEM VALUE VALUES (660, '   ', 220);
INSERT INTO public.professions (id, professions, program_id) OVERRIDING SYSTEM VALUE VALUES (661, '-  ', 220);
INSERT INTO public.professions (id, professions, program_id) OVERRIDING SYSTEM VALUE VALUES (662, '    ', 220);
INSERT INTO public.professions (id, professions, program_id) OVERRIDING SYSTEM VALUE VALUES (749, '  ', 236);
INSERT INTO public.professions (id, professions, program_id) OVERRIDING SYSTEM VALUE VALUES (663, '   ( )', 220);
INSERT INTO public.professions (id, professions, program_id) OVERRIDING SYSTEM VALUE VALUES (664, ' ', 221);
INSERT INTO public.professions (id, professions, program_id) OVERRIDING SYSTEM VALUE VALUES (665, '', 221);
INSERT INTO public.professions (id, professions, program_id) OVERRIDING SYSTEM VALUE VALUES (666, '   ', 221);
INSERT INTO public.professions (id, professions, program_id) OVERRIDING SYSTEM VALUE VALUES (667, '-', 221);
INSERT INTO public.professions (id, professions, program_id) OVERRIDING SYSTEM VALUE VALUES (668, '  ', 221);
INSERT INTO public.professions (id, professions, program_id) OVERRIDING SYSTEM VALUE VALUES (669, '  ', 222);
INSERT INTO public.professions (id, professions, program_id) OVERRIDING SYSTEM VALUE VALUES (670, '  ', 222);
INSERT INTO public.professions (id, professions, program_id) OVERRIDING SYSTEM VALUE VALUES (671, '   ', 222);
INSERT INTO public.professions (id, professions, program_id) OVERRIDING SYSTEM VALUE VALUES (672, '   ()', 222);
INSERT INTO public.professions (id, professions, program_id) OVERRIDING SYSTEM VALUE VALUES (673, '', 223);
INSERT INTO public.professions (id, professions, program_id) OVERRIDING SYSTEM VALUE VALUES (674, '  , ', 223);
INSERT INTO public.professions (id, professions, program_id) OVERRIDING SYSTEM VALUE VALUES (675, '  , -  ', 223);
INSERT INTO public.professions (id, professions, program_id) OVERRIDING SYSTEM VALUE VALUES (676, '', 224);
INSERT INTO public.professions (id, professions, program_id) OVERRIDING SYSTEM VALUE VALUES (677, '', 224);
INSERT INTO public.professions (id, professions, program_id) OVERRIDING SYSTEM VALUE VALUES (678, '', 224);
INSERT INTO public.professions (id, professions, program_id) OVERRIDING SYSTEM VALUE VALUES (679, '', 224);
INSERT INTO public.professions (id, professions, program_id) OVERRIDING SYSTEM VALUE VALUES (680, '   ', 224);
INSERT INTO public.professions (id, professions, program_id) OVERRIDING SYSTEM VALUE VALUES (681, '   ()', 224);
INSERT INTO public.professions (id, professions, program_id) OVERRIDING SYSTEM VALUE VALUES (772, '', 239);
INSERT INTO public.professions (id, professions, program_id) OVERRIDING SYSTEM VALUE VALUES (683, '  ', 225);
INSERT INTO public.professions (id, professions, program_id) OVERRIDING SYSTEM VALUE VALUES (684, '  ', 225);
INSERT INTO public.professions (id, professions, program_id) OVERRIDING SYSTEM VALUE VALUES (685, '  ', 225);
INSERT INTO public.professions (id, professions, program_id) OVERRIDING SYSTEM VALUE VALUES (686, ' ', 225);
INSERT INTO public.professions (id, professions, program_id) OVERRIDING SYSTEM VALUE VALUES (687, '-', 225);
INSERT INTO public.professions (id, professions, program_id) OVERRIDING SYSTEM VALUE VALUES (688, ' ', 226);
INSERT INTO public.professions (id, professions, program_id) OVERRIDING SYSTEM VALUE VALUES (689, ' ', 226);
INSERT INTO public.professions (id, professions, program_id) OVERRIDING SYSTEM VALUE VALUES (690, '   ', 226);
INSERT INTO public.professions (id, professions, program_id) OVERRIDING SYSTEM VALUE VALUES (691, '  ', 226);
INSERT INTO public.professions (id, professions, program_id) OVERRIDING SYSTEM VALUE VALUES (692, ' - ', 226);
INSERT INTO public.professions (id, professions, program_id) OVERRIDING SYSTEM VALUE VALUES (693, '- ', 226);
INSERT INTO public.professions (id, professions, program_id) OVERRIDING SYSTEM VALUE VALUES (694, '', 226);
INSERT INTO public.professions (id, professions, program_id) OVERRIDING SYSTEM VALUE VALUES (695, ' ', 226);
INSERT INTO public.professions (id, professions, program_id) OVERRIDING SYSTEM VALUE VALUES (696, ' (-)  ', 226);
INSERT INTO public.professions (id, professions, program_id) OVERRIDING SYSTEM VALUE VALUES (697, ' ', 227);
INSERT INTO public.professions (id, professions, program_id) OVERRIDING SYSTEM VALUE VALUES (698, '- - ', 227);
INSERT INTO public.professions (id, professions, program_id) OVERRIDING SYSTEM VALUE VALUES (699, '  ', 227);
INSERT INTO public.professions (id, professions, program_id) OVERRIDING SYSTEM VALUE VALUES (700, '  ', 227);
INSERT INTO public.professions (id, professions, program_id) OVERRIDING SYSTEM VALUE VALUES (701, '   ', 227);
INSERT INTO public.professions (id, professions, program_id) OVERRIDING SYSTEM VALUE VALUES (702, '-', 227);
INSERT INTO public.professions (id, professions, program_id) OVERRIDING SYSTEM VALUE VALUES (703, ' ', 228);
INSERT INTO public.professions (id, professions, program_id) OVERRIDING SYSTEM VALUE VALUES (704, '-   ', 228);
INSERT INTO public.professions (id, professions, program_id) OVERRIDING SYSTEM VALUE VALUES (705, ' - ', 228);
INSERT INTO public.professions (id, professions, program_id) OVERRIDING SYSTEM VALUE VALUES (706, '  ', 228);
INSERT INTO public.professions (id, professions, program_id) OVERRIDING SYSTEM VALUE VALUES (707, '  ', 228);
INSERT INTO public.professions (id, professions, program_id) OVERRIDING SYSTEM VALUE VALUES (708, '  - ', 228);
INSERT INTO public.professions (id, professions, program_id) OVERRIDING SYSTEM VALUE VALUES (709, '- ', 229);
INSERT INTO public.professions (id, professions, program_id) OVERRIDING SYSTEM VALUE VALUES (710, '   (, , -,   .)', 229);
INSERT INTO public.professions (id, professions, program_id) OVERRIDING SYSTEM VALUE VALUES (711, '-  ', 229);
INSERT INTO public.professions (id, professions, program_id) OVERRIDING SYSTEM VALUE VALUES (712, '-', 229);
INSERT INTO public.professions (id, professions, program_id) OVERRIDING SYSTEM VALUE VALUES (713, '', 229);
INSERT INTO public.professions (id, professions, program_id) OVERRIDING SYSTEM VALUE VALUES (714, '- ', 229);
INSERT INTO public.professions (id, professions, program_id) OVERRIDING SYSTEM VALUE VALUES (715, '-', 229);
INSERT INTO public.professions (id, professions, program_id) OVERRIDING SYSTEM VALUE VALUES (716, ' -   ', 229);
INSERT INTO public.professions (id, professions, program_id) OVERRIDING SYSTEM VALUE VALUES (717, '', 230);
INSERT INTO public.professions (id, professions, program_id) OVERRIDING SYSTEM VALUE VALUES (718, '', 230);
INSERT INTO public.professions (id, professions, program_id) OVERRIDING SYSTEM VALUE VALUES (719, '-', 230);
INSERT INTO public.professions (id, professions, program_id) OVERRIDING SYSTEM VALUE VALUES (720, '', 230);
INSERT INTO public.professions (id, professions, program_id) OVERRIDING SYSTEM VALUE VALUES (721, ' ', 230);
INSERT INTO public.professions (id, professions, program_id) OVERRIDING SYSTEM VALUE VALUES (722, '  ()', 230);
INSERT INTO public.professions (id, professions, program_id) OVERRIDING SYSTEM VALUE VALUES (723, '', 231);
INSERT INTO public.professions (id, professions, program_id) OVERRIDING SYSTEM VALUE VALUES (724, ' ', 231);
INSERT INTO public.professions (id, professions, program_id) OVERRIDING SYSTEM VALUE VALUES (725, '      ', 231);
INSERT INTO public.professions (id, professions, program_id) OVERRIDING SYSTEM VALUE VALUES (726, '', 231);
INSERT INTO public.professions (id, professions, program_id) OVERRIDING SYSTEM VALUE VALUES (727, '-', 232);
INSERT INTO public.professions (id, professions, program_id) OVERRIDING SYSTEM VALUE VALUES (728, '-', 232);
INSERT INTO public.professions (id, professions, program_id) OVERRIDING SYSTEM VALUE VALUES (729, ' ', 232);
INSERT INTO public.professions (id, professions, program_id) OVERRIDING SYSTEM VALUE VALUES (730, '-', 232);
INSERT INTO public.professions (id, professions, program_id) OVERRIDING SYSTEM VALUE VALUES (731, '-', 232);
INSERT INTO public.professions (id, professions, program_id) OVERRIDING SYSTEM VALUE VALUES (732, '-', 232);
INSERT INTO public.professions (id, professions, program_id) OVERRIDING SYSTEM VALUE VALUES (733, '-', 232);
INSERT INTO public.professions (id, professions, program_id) OVERRIDING SYSTEM VALUE VALUES (734, '', 232);
INSERT INTO public.professions (id, professions, program_id) OVERRIDING SYSTEM VALUE VALUES (735, '-', 233);
INSERT INTO public.professions (id, professions, program_id) OVERRIDING SYSTEM VALUE VALUES (736, '', 234);
INSERT INTO public.professions (id, professions, program_id) OVERRIDING SYSTEM VALUE VALUES (737, '  ()', 234);
INSERT INTO public.professions (id, professions, program_id) OVERRIDING SYSTEM VALUE VALUES (738, '', 234);
INSERT INTO public.professions (id, professions, program_id) OVERRIDING SYSTEM VALUE VALUES (739, '      ', 234);
INSERT INTO public.professions (id, professions, program_id) OVERRIDING SYSTEM VALUE VALUES (740, ' ', 234);
INSERT INTO public.professions (id, professions, program_id) OVERRIDING SYSTEM VALUE VALUES (741, '  ', 235);
INSERT INTO public.professions (id, professions, program_id) OVERRIDING SYSTEM VALUE VALUES (742, '', 235);
INSERT INTO public.professions (id, professions, program_id) OVERRIDING SYSTEM VALUE VALUES (743, '', 235);
INSERT INTO public.professions (id, professions, program_id) OVERRIDING SYSTEM VALUE VALUES (744, '    ', 235);
INSERT INTO public.professions (id, professions, program_id) OVERRIDING SYSTEM VALUE VALUES (745, '   ,    ', 235);
INSERT INTO public.professions (id, professions, program_id) OVERRIDING SYSTEM VALUE VALUES (746, '-  ', 236);
INSERT INTO public.professions (id, professions, program_id) OVERRIDING SYSTEM VALUE VALUES (747, '- - ', 236);
INSERT INTO public.professions (id, professions, program_id) OVERRIDING SYSTEM VALUE VALUES (748, '', 236);
INSERT INTO public.professions (id, professions, program_id) OVERRIDING SYSTEM VALUE VALUES (750, '     ', 236);
INSERT INTO public.professions (id, professions, program_id) OVERRIDING SYSTEM VALUE VALUES (751, '         ', 236);
INSERT INTO public.professions (id, professions, program_id) OVERRIDING SYSTEM VALUE VALUES (752, '  ', 236);
INSERT INTO public.professions (id, professions, program_id) OVERRIDING SYSTEM VALUE VALUES (753, '', 237);
INSERT INTO public.professions (id, professions, program_id) OVERRIDING SYSTEM VALUE VALUES (754, '', 237);
INSERT INTO public.professions (id, professions, program_id) OVERRIDING SYSTEM VALUE VALUES (755, '  ', 237);
INSERT INTO public.professions (id, professions, program_id) OVERRIDING SYSTEM VALUE VALUES (756, '', 237);
INSERT INTO public.professions (id, professions, program_id) OVERRIDING SYSTEM VALUE VALUES (757, ' ', 237);
INSERT INTO public.professions (id, professions, program_id) OVERRIDING SYSTEM VALUE VALUES (758, '   ', 237);
INSERT INTO public.professions (id, professions, program_id) OVERRIDING SYSTEM VALUE VALUES (759, '', 238);
INSERT INTO public.professions (id, professions, program_id) OVERRIDING SYSTEM VALUE VALUES (760, '   ', 238);
INSERT INTO public.professions (id, professions, program_id) OVERRIDING SYSTEM VALUE VALUES (761, '-', 238);
INSERT INTO public.professions (id, professions, program_id) OVERRIDING SYSTEM VALUE VALUES (762, '-', 238);
INSERT INTO public.professions (id, professions, program_id) OVERRIDING SYSTEM VALUE VALUES (763, '-', 238);
INSERT INTO public.professions (id, professions, program_id) OVERRIDING SYSTEM VALUE VALUES (764, ' ', 238);
INSERT INTO public.professions (id, professions, program_id) OVERRIDING SYSTEM VALUE VALUES (765, ' ', 238);
INSERT INTO public.professions (id, professions, program_id) OVERRIDING SYSTEM VALUE VALUES (766, '    ', 238);
INSERT INTO public.professions (id, professions, program_id) OVERRIDING SYSTEM VALUE VALUES (767, '    ', 238);
INSERT INTO public.professions (id, professions, program_id) OVERRIDING SYSTEM VALUE VALUES (768, '       ', 238);
INSERT INTO public.professions (id, professions, program_id) OVERRIDING SYSTEM VALUE VALUES (769, '', 239);
INSERT INTO public.professions (id, professions, program_id) OVERRIDING SYSTEM VALUE VALUES (770, '   ', 239);
INSERT INTO public.professions (id, professions, program_id) OVERRIDING SYSTEM VALUE VALUES (771, '', 239);
INSERT INTO public.professions (id, professions, program_id) OVERRIDING SYSTEM VALUE VALUES (774, '', 239);
INSERT INTO public.professions (id, professions, program_id) OVERRIDING SYSTEM VALUE VALUES (775, '  ', 239);
INSERT INTO public.professions (id, professions, program_id) OVERRIDING SYSTEM VALUE VALUES (776, '-', 239);
INSERT INTO public.professions (id, professions, program_id) OVERRIDING SYSTEM VALUE VALUES (777, '', 240);
INSERT INTO public.professions (id, professions, program_id) OVERRIDING SYSTEM VALUE VALUES (778, ' ', 240);
INSERT INTO public.professions (id, professions, program_id) OVERRIDING SYSTEM VALUE VALUES (779, '       ', 240);
INSERT INTO public.professions (id, professions, program_id) OVERRIDING SYSTEM VALUE VALUES (780, '  ', 240);
INSERT INTO public.professions (id, professions, program_id) OVERRIDING SYSTEM VALUE VALUES (781, '   ', 240);
INSERT INTO public.professions (id, professions, program_id) OVERRIDING SYSTEM VALUE VALUES (782, '     , ,  ', 241);
INSERT INTO public.professions (id, professions, program_id) OVERRIDING SYSTEM VALUE VALUES (783, '        ,  ,  ', 241);
INSERT INTO public.professions (id, professions, program_id) OVERRIDING SYSTEM VALUE VALUES (784, '    ', 241);
INSERT INTO public.professions (id, professions, program_id) OVERRIDING SYSTEM VALUE VALUES (785, '    ', 242);
INSERT INTO public.professions (id, professions, program_id) OVERRIDING SYSTEM VALUE VALUES (786, '', 242);
INSERT INTO public.professions (id, professions, program_id) OVERRIDING SYSTEM VALUE VALUES (787, '', 242);
INSERT INTO public.professions (id, professions, program_id) OVERRIDING SYSTEM VALUE VALUES (788, '', 242);
INSERT INTO public.professions (id, professions, program_id) OVERRIDING SYSTEM VALUE VALUES (789, '', 242);
INSERT INTO public.professions (id, professions, program_id) OVERRIDING SYSTEM VALUE VALUES (790, '', 242);
INSERT INTO public.professions (id, professions, program_id) OVERRIDING SYSTEM VALUE VALUES (791, '-      ', 243);
INSERT INTO public.professions (id, professions, program_id) OVERRIDING SYSTEM VALUE VALUES (792, ' ', 243);
INSERT INTO public.professions (id, professions, program_id) OVERRIDING SYSTEM VALUE VALUES (793, '', 243);
INSERT INTO public.professions (id, professions, program_id) OVERRIDING SYSTEM VALUE VALUES (794, '    ', 243);
INSERT INTO public.professions (id, professions, program_id) OVERRIDING SYSTEM VALUE VALUES (795, '  ', 243);
INSERT INTO public.professions (id, professions, program_id) OVERRIDING SYSTEM VALUE VALUES (796, '      ', 243);
INSERT INTO public.professions (id, professions, program_id) OVERRIDING SYSTEM VALUE VALUES (797, '  ', 243);
INSERT INTO public.professions (id, professions, program_id) OVERRIDING SYSTEM VALUE VALUES (798, ' ', 244);
INSERT INTO public.professions (id, professions, program_id) OVERRIDING SYSTEM VALUE VALUES (799, '-', 244);
INSERT INTO public.professions (id, professions, program_id) OVERRIDING SYSTEM VALUE VALUES (800, ' ', 244);
INSERT INTO public.professions (id, professions, program_id) OVERRIDING SYSTEM VALUE VALUES (801, ' (  )', 244);
INSERT INTO public.professions (id, professions, program_id) OVERRIDING SYSTEM VALUE VALUES (802, '      ', 244);
INSERT INTO public.professions (id, professions, program_id) OVERRIDING SYSTEM VALUE VALUES (803, '-', 244);
INSERT INTO public.professions (id, professions, program_id) OVERRIDING SYSTEM VALUE VALUES (804, '', 245);
INSERT INTO public.professions (id, professions, program_id) OVERRIDING SYSTEM VALUE VALUES (805, '    ', 245);
INSERT INTO public.professions (id, professions, program_id) OVERRIDING SYSTEM VALUE VALUES (806, '     ', 245);
INSERT INTO public.professions (id, professions, program_id) OVERRIDING SYSTEM VALUE VALUES (807, '-', 245);
INSERT INTO public.professions (id, professions, program_id) OVERRIDING SYSTEM VALUE VALUES (808, '    ', 245);
INSERT INTO public.professions (id, professions, program_id) OVERRIDING SYSTEM VALUE VALUES (809, '- ', 246);
INSERT INTO public.professions (id, professions, program_id) OVERRIDING SYSTEM VALUE VALUES (810, '    ', 246);
INSERT INTO public.professions (id, professions, program_id) OVERRIDING SYSTEM VALUE VALUES (811, '     ', 246);
INSERT INTO public.professions (id, professions, program_id) OVERRIDING SYSTEM VALUE VALUES (812, '    ', 246);
INSERT INTO public.professions (id, professions, program_id) OVERRIDING SYSTEM VALUE VALUES (813, '    ,  ,  , - ,      , , ,  ', 247);
INSERT INTO public.professions (id, professions, program_id) OVERRIDING SYSTEM VALUE VALUES (814, '  ()  ,     ', 247);
INSERT INTO public.professions (id, professions, program_id) OVERRIDING SYSTEM VALUE VALUES (815, '', 248);
INSERT INTO public.professions (id, professions, program_id) OVERRIDING SYSTEM VALUE VALUES (816, '', 248);
INSERT INTO public.professions (id, professions, program_id) OVERRIDING SYSTEM VALUE VALUES (817, '', 248);
INSERT INTO public.professions (id, professions, program_id) OVERRIDING SYSTEM VALUE VALUES (818, '', 248);
INSERT INTO public.professions (id, professions, program_id) OVERRIDING SYSTEM VALUE VALUES (819, '', 248);
INSERT INTO public.professions (id, professions, program_id) OVERRIDING SYSTEM VALUE VALUES (820, '', 248);
INSERT INTO public.professions (id, professions, program_id) OVERRIDING SYSTEM VALUE VALUES (821, '    ', 248);
INSERT INTO public.professions (id, professions, program_id) OVERRIDING SYSTEM VALUE VALUES (822, '     ', 248);
INSERT INTO public.professions (id, professions, program_id) OVERRIDING SYSTEM VALUE VALUES (823, '-', 249);
INSERT INTO public.professions (id, professions, program_id) OVERRIDING SYSTEM VALUE VALUES (824, '  ', 249);
INSERT INTO public.professions (id, professions, program_id) OVERRIDING SYSTEM VALUE VALUES (825, '  ,  ,    ..', 249);
INSERT INTO public.professions (id, professions, program_id) OVERRIDING SYSTEM VALUE VALUES (826, ' ', 249);
INSERT INTO public.professions (id, professions, program_id) OVERRIDING SYSTEM VALUE VALUES (828, '  ', 250);
INSERT INTO public.professions (id, professions, program_id) OVERRIDING SYSTEM VALUE VALUES (829, '  ', 250);
INSERT INTO public.professions (id, professions, program_id) OVERRIDING SYSTEM VALUE VALUES (830, '   ', 250);
INSERT INTO public.professions (id, professions, program_id) OVERRIDING SYSTEM VALUE VALUES (831, '    ', 250);
INSERT INTO public.professions (id, professions, program_id) OVERRIDING SYSTEM VALUE VALUES (832, '  , ,     ,    ', 251);
INSERT INTO public.professions (id, professions, program_id) OVERRIDING SYSTEM VALUE VALUES (833, '      ', 251);
INSERT INTO public.professions (id, professions, program_id) OVERRIDING SYSTEM VALUE VALUES (834, '  ,    ', 251);
INSERT INTO public.professions (id, professions, program_id) OVERRIDING SYSTEM VALUE VALUES (835, '     - ,      ', 251);
INSERT INTO public.professions (id, professions, program_id) OVERRIDING SYSTEM VALUE VALUES (836, '', 252);
INSERT INTO public.professions (id, professions, program_id) OVERRIDING SYSTEM VALUE VALUES (837, '-       ()', 252);
INSERT INTO public.professions (id, professions, program_id) OVERRIDING SYSTEM VALUE VALUES (838, '-       ()', 252);
INSERT INTO public.professions (id, professions, program_id) OVERRIDING SYSTEM VALUE VALUES (839, '  ', 252);
INSERT INTO public.professions (id, professions, program_id) OVERRIDING SYSTEM VALUE VALUES (840, '', 252);
INSERT INTO public.professions (id, professions, program_id) OVERRIDING SYSTEM VALUE VALUES (841, '  ', 253);
INSERT INTO public.professions (id, professions, program_id) OVERRIDING SYSTEM VALUE VALUES (842, '  ', 253);
INSERT INTO public.professions (id, professions, program_id) OVERRIDING SYSTEM VALUE VALUES (920, '', 265);
INSERT INTO public.professions (id, professions, program_id) OVERRIDING SYSTEM VALUE VALUES (921, '', 265);
INSERT INTO public.professions (id, professions, program_id) OVERRIDING SYSTEM VALUE VALUES (843, '      ', 253);
INSERT INTO public.professions (id, professions, program_id) OVERRIDING SYSTEM VALUE VALUES (844, '    ', 253);
INSERT INTO public.professions (id, professions, program_id) OVERRIDING SYSTEM VALUE VALUES (845, '       ', 253);
INSERT INTO public.professions (id, professions, program_id) OVERRIDING SYSTEM VALUE VALUES (846, '', 253);
INSERT INTO public.professions (id, professions, program_id) OVERRIDING SYSTEM VALUE VALUES (847, ' ', 253);
INSERT INTO public.professions (id, professions, program_id) OVERRIDING SYSTEM VALUE VALUES (848, '   ', 253);
INSERT INTO public.professions (id, professions, program_id) OVERRIDING SYSTEM VALUE VALUES (849, '', 254);
INSERT INTO public.professions (id, professions, program_id) OVERRIDING SYSTEM VALUE VALUES (850, 'Web-', 254);
INSERT INTO public.professions (id, professions, program_id) OVERRIDING SYSTEM VALUE VALUES (851, '-', 254);
INSERT INTO public.professions (id, professions, program_id) OVERRIDING SYSTEM VALUE VALUES (852, '    ', 254);
INSERT INTO public.professions (id, professions, program_id) OVERRIDING SYSTEM VALUE VALUES (853, '  ', 254);
INSERT INTO public.professions (id, professions, program_id) OVERRIDING SYSTEM VALUE VALUES (854, '  ', 254);
INSERT INTO public.professions (id, professions, program_id) OVERRIDING SYSTEM VALUE VALUES (855, '-      ', 254);
INSERT INTO public.professions (id, professions, program_id) OVERRIDING SYSTEM VALUE VALUES (856, ' ', 255);
INSERT INTO public.professions (id, professions, program_id) OVERRIDING SYSTEM VALUE VALUES (857, '-', 255);
INSERT INTO public.professions (id, professions, program_id) OVERRIDING SYSTEM VALUE VALUES (858, '  ', 255);
INSERT INTO public.professions (id, professions, program_id) OVERRIDING SYSTEM VALUE VALUES (859, '', 255);
INSERT INTO public.professions (id, professions, program_id) OVERRIDING SYSTEM VALUE VALUES (860, '  ()', 255);
INSERT INTO public.professions (id, professions, program_id) OVERRIDING SYSTEM VALUE VALUES (861, '-', 255);
INSERT INTO public.professions (id, professions, program_id) OVERRIDING SYSTEM VALUE VALUES (862, '  ', 255);
INSERT INTO public.professions (id, professions, program_id) OVERRIDING SYSTEM VALUE VALUES (863, ' ', 256);
INSERT INTO public.professions (id, professions, program_id) OVERRIDING SYSTEM VALUE VALUES (864, '  ', 256);
INSERT INTO public.professions (id, professions, program_id) OVERRIDING SYSTEM VALUE VALUES (865, '', 256);
INSERT INTO public.professions (id, professions, program_id) OVERRIDING SYSTEM VALUE VALUES (866, ' ', 256);
INSERT INTO public.professions (id, professions, program_id) OVERRIDING SYSTEM VALUE VALUES (867, '-', 256);
INSERT INTO public.professions (id, professions, program_id) OVERRIDING SYSTEM VALUE VALUES (868, ' ', 256);
INSERT INTO public.professions (id, professions, program_id) OVERRIDING SYSTEM VALUE VALUES (869, '', 257);
INSERT INTO public.professions (id, professions, program_id) OVERRIDING SYSTEM VALUE VALUES (870, '  ', 257);
INSERT INTO public.professions (id, professions, program_id) OVERRIDING SYSTEM VALUE VALUES (871, ' ', 257);
INSERT INTO public.professions (id, professions, program_id) OVERRIDING SYSTEM VALUE VALUES (872, '  ', 257);
INSERT INTO public.professions (id, professions, program_id) OVERRIDING SYSTEM VALUE VALUES (873, ' ', 257);
INSERT INTO public.professions (id, professions, program_id) OVERRIDING SYSTEM VALUE VALUES (874, '', 257);
INSERT INTO public.professions (id, professions, program_id) OVERRIDING SYSTEM VALUE VALUES (875, '', 257);
INSERT INTO public.professions (id, professions, program_id) OVERRIDING SYSTEM VALUE VALUES (876, '', 257);
INSERT INTO public.professions (id, professions, program_id) OVERRIDING SYSTEM VALUE VALUES (877, ' ', 257);
INSERT INTO public.professions (id, professions, program_id) OVERRIDING SYSTEM VALUE VALUES (878, '   ', 257);
INSERT INTO public.professions (id, professions, program_id) OVERRIDING SYSTEM VALUE VALUES (879, '', 257);
INSERT INTO public.professions (id, professions, program_id) OVERRIDING SYSTEM VALUE VALUES (880, '  ', 258);
INSERT INTO public.professions (id, professions, program_id) OVERRIDING SYSTEM VALUE VALUES (881, '', 258);
INSERT INTO public.professions (id, professions, program_id) OVERRIDING SYSTEM VALUE VALUES (882, '', 258);
INSERT INTO public.professions (id, professions, program_id) OVERRIDING SYSTEM VALUE VALUES (883, ' - ', 258);
INSERT INTO public.professions (id, professions, program_id) OVERRIDING SYSTEM VALUE VALUES (884, '  ', 258);
INSERT INTO public.professions (id, professions, program_id) OVERRIDING SYSTEM VALUE VALUES (885, '        - , -   ,  ', 259);
INSERT INTO public.professions (id, professions, program_id) OVERRIDING SYSTEM VALUE VALUES (886, '-', 259);
INSERT INTO public.professions (id, professions, program_id) OVERRIDING SYSTEM VALUE VALUES (887, '         , ,  ,      ', 259);
INSERT INTO public.professions (id, professions, program_id) OVERRIDING SYSTEM VALUE VALUES (888, '', 260);
INSERT INTO public.professions (id, professions, program_id) OVERRIDING SYSTEM VALUE VALUES (889, '', 260);
INSERT INTO public.professions (id, professions, program_id) OVERRIDING SYSTEM VALUE VALUES (890, ' ()   ', 260);
INSERT INTO public.professions (id, professions, program_id) OVERRIDING SYSTEM VALUE VALUES (891, '   -    ', 260);
INSERT INTO public.professions (id, professions, program_id) OVERRIDING SYSTEM VALUE VALUES (892, ' ', 260);
INSERT INTO public.professions (id, professions, program_id) OVERRIDING SYSTEM VALUE VALUES (893, '', 260);
INSERT INTO public.professions (id, professions, program_id) OVERRIDING SYSTEM VALUE VALUES (894, '   ;     ;', 261);
INSERT INTO public.professions (id, professions, program_id) OVERRIDING SYSTEM VALUE VALUES (895, ' -        ;', 261);
INSERT INTO public.professions (id, professions, program_id) OVERRIDING SYSTEM VALUE VALUES (896, ',  ;', 261);
INSERT INTO public.professions (id, professions, program_id) OVERRIDING SYSTEM VALUE VALUES (897, '  ;', 261);
INSERT INTO public.professions (id, professions, program_id) OVERRIDING SYSTEM VALUE VALUES (898, ';', 261);
INSERT INTO public.professions (id, professions, program_id) OVERRIDING SYSTEM VALUE VALUES (899, '     PR ;', 261);
INSERT INTO public.professions (id, professions, program_id) OVERRIDING SYSTEM VALUE VALUES (900, '   ;', 261);
INSERT INTO public.professions (id, professions, program_id) OVERRIDING SYSTEM VALUE VALUES (901, '   ', 261);
INSERT INTO public.professions (id, professions, program_id) OVERRIDING SYSTEM VALUE VALUES (1081, '-', 292);
INSERT INTO public.professions (id, professions, program_id) OVERRIDING SYSTEM VALUE VALUES (902, '       ;', 262);
INSERT INTO public.professions (id, professions, program_id) OVERRIDING SYSTEM VALUE VALUES (903, '     ,  ;', 262);
INSERT INTO public.professions (id, professions, program_id) OVERRIDING SYSTEM VALUE VALUES (904, '      ,   ;', 262);
INSERT INTO public.professions (id, professions, program_id) OVERRIDING SYSTEM VALUE VALUES (905, '  ;', 262);
INSERT INTO public.professions (id, professions, program_id) OVERRIDING SYSTEM VALUE VALUES (906, '  -   ', 262);
INSERT INTO public.professions (id, professions, program_id) OVERRIDING SYSTEM VALUE VALUES (907, '', 263);
INSERT INTO public.professions (id, professions, program_id) OVERRIDING SYSTEM VALUE VALUES (908, '    ', 263);
INSERT INTO public.professions (id, professions, program_id) OVERRIDING SYSTEM VALUE VALUES (909, '', 263);
INSERT INTO public.professions (id, professions, program_id) OVERRIDING SYSTEM VALUE VALUES (910, '    ', 263);
INSERT INTO public.professions (id, professions, program_id) OVERRIDING SYSTEM VALUE VALUES (911, '      ', 263);
INSERT INTO public.professions (id, professions, program_id) OVERRIDING SYSTEM VALUE VALUES (912, '  - ,    ', 264);
INSERT INTO public.professions (id, professions, program_id) OVERRIDING SYSTEM VALUE VALUES (913, 'PR-', 264);
INSERT INTO public.professions (id, professions, program_id) OVERRIDING SYSTEM VALUE VALUES (914, ' ', 264);
INSERT INTO public.professions (id, professions, program_id) OVERRIDING SYSTEM VALUE VALUES (915, '', 264);
INSERT INTO public.professions (id, professions, program_id) OVERRIDING SYSTEM VALUE VALUES (916, '-', 264);
INSERT INTO public.professions (id, professions, program_id) OVERRIDING SYSTEM VALUE VALUES (917, '', 264);
INSERT INTO public.professions (id, professions, program_id) OVERRIDING SYSTEM VALUE VALUES (918, 'SMM-', 264);
INSERT INTO public.professions (id, professions, program_id) OVERRIDING SYSTEM VALUE VALUES (919, '', 265);
INSERT INTO public.professions (id, professions, program_id) OVERRIDING SYSTEM VALUE VALUES (922, ' ', 265);
INSERT INTO public.professions (id, professions, program_id) OVERRIDING SYSTEM VALUE VALUES (923, '-', 265);
INSERT INTO public.professions (id, professions, program_id) OVERRIDING SYSTEM VALUE VALUES (924, '      ', 265);
INSERT INTO public.professions (id, professions, program_id) OVERRIDING SYSTEM VALUE VALUES (925, '   ', 265);
INSERT INTO public.professions (id, professions, program_id) OVERRIDING SYSTEM VALUE VALUES (926, '', 266);
INSERT INTO public.professions (id, professions, program_id) OVERRIDING SYSTEM VALUE VALUES (927, ' ', 266);
INSERT INTO public.professions (id, professions, program_id) OVERRIDING SYSTEM VALUE VALUES (928, ' ', 266);
INSERT INTO public.professions (id, professions, program_id) OVERRIDING SYSTEM VALUE VALUES (929, '   ', 266);
INSERT INTO public.professions (id, professions, program_id) OVERRIDING SYSTEM VALUE VALUES (930, ' ', 266);
INSERT INTO public.professions (id, professions, program_id) OVERRIDING SYSTEM VALUE VALUES (931, '  ', 266);
INSERT INTO public.professions (id, professions, program_id) OVERRIDING SYSTEM VALUE VALUES (932, '', 267);
INSERT INTO public.professions (id, professions, program_id) OVERRIDING SYSTEM VALUE VALUES (933, '', 267);
INSERT INTO public.professions (id, professions, program_id) OVERRIDING SYSTEM VALUE VALUES (934, '    (-)', 267);
INSERT INTO public.professions (id, professions, program_id) OVERRIDING SYSTEM VALUE VALUES (935, '', 267);
INSERT INTO public.professions (id, professions, program_id) OVERRIDING SYSTEM VALUE VALUES (936, '', 267);
INSERT INTO public.professions (id, professions, program_id) OVERRIDING SYSTEM VALUE VALUES (937, '', 267);
INSERT INTO public.professions (id, professions, program_id) OVERRIDING SYSTEM VALUE VALUES (938, '  -  ', 267);
INSERT INTO public.professions (id, professions, program_id) OVERRIDING SYSTEM VALUE VALUES (939, '', 267);
INSERT INTO public.professions (id, professions, program_id) OVERRIDING SYSTEM VALUE VALUES (940, '  ', 267);
INSERT INTO public.professions (id, professions, program_id) OVERRIDING SYSTEM VALUE VALUES (941, '-', 268);
INSERT INTO public.professions (id, professions, program_id) OVERRIDING SYSTEM VALUE VALUES (942, ' ', 268);
INSERT INTO public.professions (id, professions, program_id) OVERRIDING SYSTEM VALUE VALUES (943, ' ', 268);
INSERT INTO public.professions (id, professions, program_id) OVERRIDING SYSTEM VALUE VALUES (944, '     (PR)', 268);
INSERT INTO public.professions (id, professions, program_id) OVERRIDING SYSTEM VALUE VALUES (945, '-', 268);
INSERT INTO public.professions (id, professions, program_id) OVERRIDING SYSTEM VALUE VALUES (946, '', 268);
INSERT INTO public.professions (id, professions, program_id) OVERRIDING SYSTEM VALUE VALUES (947, '   (-)', 268);
INSERT INTO public.professions (id, professions, program_id) OVERRIDING SYSTEM VALUE VALUES (948, '', 269);
INSERT INTO public.professions (id, professions, program_id) OVERRIDING SYSTEM VALUE VALUES (949, '  ', 269);
INSERT INTO public.professions (id, professions, program_id) OVERRIDING SYSTEM VALUE VALUES (950, '  ', 269);
INSERT INTO public.professions (id, professions, program_id) OVERRIDING SYSTEM VALUE VALUES (951, '', 269);
INSERT INTO public.professions (id, professions, program_id) OVERRIDING SYSTEM VALUE VALUES (952, ' ', 269);
INSERT INTO public.professions (id, professions, program_id) OVERRIDING SYSTEM VALUE VALUES (953, ' -', 269);
INSERT INTO public.professions (id, professions, program_id) OVERRIDING SYSTEM VALUE VALUES (954, '-', 269);
INSERT INTO public.professions (id, professions, program_id) OVERRIDING SYSTEM VALUE VALUES (955, '  ', 270);
INSERT INTO public.professions (id, professions, program_id) OVERRIDING SYSTEM VALUE VALUES (956, '-', 270);
INSERT INTO public.professions (id, professions, program_id) OVERRIDING SYSTEM VALUE VALUES (957, '', 270);
INSERT INTO public.professions (id, professions, program_id) OVERRIDING SYSTEM VALUE VALUES (958, '  ', 270);
INSERT INTO public.professions (id, professions, program_id) OVERRIDING SYSTEM VALUE VALUES (959, '  - ', 270);
INSERT INTO public.professions (id, professions, program_id) OVERRIDING SYSTEM VALUE VALUES (960, '  ', 270);
INSERT INTO public.professions (id, professions, program_id) OVERRIDING SYSTEM VALUE VALUES (961, ' ', 271);
INSERT INTO public.professions (id, professions, program_id) OVERRIDING SYSTEM VALUE VALUES (962, '  ', 271);
INSERT INTO public.professions (id, professions, program_id) OVERRIDING SYSTEM VALUE VALUES (963, '  ', 271);
INSERT INTO public.professions (id, professions, program_id) OVERRIDING SYSTEM VALUE VALUES (964, '   ', 271);
INSERT INTO public.professions (id, professions, program_id) OVERRIDING SYSTEM VALUE VALUES (965, ' ', 271);
INSERT INTO public.professions (id, professions, program_id) OVERRIDING SYSTEM VALUE VALUES (966, ' ', 271);
INSERT INTO public.professions (id, professions, program_id) OVERRIDING SYSTEM VALUE VALUES (967, '', 271);
INSERT INTO public.professions (id, professions, program_id) OVERRIDING SYSTEM VALUE VALUES (968, '   ', 272);
INSERT INTO public.professions (id, professions, program_id) OVERRIDING SYSTEM VALUE VALUES (969, '  ', 272);
INSERT INTO public.professions (id, professions, program_id) OVERRIDING SYSTEM VALUE VALUES (970, '  ', 272);
INSERT INTO public.professions (id, professions, program_id) OVERRIDING SYSTEM VALUE VALUES (971, '-', 272);
INSERT INTO public.professions (id, professions, program_id) OVERRIDING SYSTEM VALUE VALUES (972, '  ', 272);
INSERT INTO public.professions (id, professions, program_id) OVERRIDING SYSTEM VALUE VALUES (973, '  - ', 272);
INSERT INTO public.professions (id, professions, program_id) OVERRIDING SYSTEM VALUE VALUES (974, '-', 272);
INSERT INTO public.professions (id, professions, program_id) OVERRIDING SYSTEM VALUE VALUES (975, '    ,    ', 273);
INSERT INTO public.professions (id, professions, program_id) OVERRIDING SYSTEM VALUE VALUES (976, '   ,   ', 273);
INSERT INTO public.professions (id, professions, program_id) OVERRIDING SYSTEM VALUE VALUES (977, '     ', 273);
INSERT INTO public.professions (id, professions, program_id) OVERRIDING SYSTEM VALUE VALUES (978, '', 274);
INSERT INTO public.professions (id, professions, program_id) OVERRIDING SYSTEM VALUE VALUES (979, '-', 274);
INSERT INTO public.professions (id, professions, program_id) OVERRIDING SYSTEM VALUE VALUES (980, '', 274);
INSERT INTO public.professions (id, professions, program_id) OVERRIDING SYSTEM VALUE VALUES (981, '', 274);
INSERT INTO public.professions (id, professions, program_id) OVERRIDING SYSTEM VALUE VALUES (982, '', 274);
INSERT INTO public.professions (id, professions, program_id) OVERRIDING SYSTEM VALUE VALUES (983, ' ', 274);
INSERT INTO public.professions (id, professions, program_id) OVERRIDING SYSTEM VALUE VALUES (984, '', 274);
INSERT INTO public.professions (id, professions, program_id) OVERRIDING SYSTEM VALUE VALUES (985, '', 275);
INSERT INTO public.professions (id, professions, program_id) OVERRIDING SYSTEM VALUE VALUES (986, ' ', 275);
INSERT INTO public.professions (id, professions, program_id) OVERRIDING SYSTEM VALUE VALUES (987, '', 275);
INSERT INTO public.professions (id, professions, program_id) OVERRIDING SYSTEM VALUE VALUES (988, ' ', 275);
INSERT INTO public.professions (id, professions, program_id) OVERRIDING SYSTEM VALUE VALUES (989, '', 276);
INSERT INTO public.professions (id, professions, program_id) OVERRIDING SYSTEM VALUE VALUES (990, ' ()    (     )', 276);
INSERT INTO public.professions (id, professions, program_id) OVERRIDING SYSTEM VALUE VALUES (991, '   , - ,  ,  ', 276);
INSERT INTO public.professions (id, professions, program_id) OVERRIDING SYSTEM VALUE VALUES (992, '-', 276);
INSERT INTO public.professions (id, professions, program_id) OVERRIDING SYSTEM VALUE VALUES (993, '   ', 276);
INSERT INTO public.professions (id, professions, program_id) OVERRIDING SYSTEM VALUE VALUES (994, '      ', 276);
INSERT INTO public.professions (id, professions, program_id) OVERRIDING SYSTEM VALUE VALUES (995, ' ', 277);
INSERT INTO public.professions (id, professions, program_id) OVERRIDING SYSTEM VALUE VALUES (996, '-', 277);
INSERT INTO public.professions (id, professions, program_id) OVERRIDING SYSTEM VALUE VALUES (997, ' ', 277);
INSERT INTO public.professions (id, professions, program_id) OVERRIDING SYSTEM VALUE VALUES (998, ' ', 277);
INSERT INTO public.professions (id, professions, program_id) OVERRIDING SYSTEM VALUE VALUES (999, '', 277);
INSERT INTO public.professions (id, professions, program_id) OVERRIDING SYSTEM VALUE VALUES (1000, '   ', 278);
INSERT INTO public.professions (id, professions, program_id) OVERRIDING SYSTEM VALUE VALUES (1001, '-', 278);
INSERT INTO public.professions (id, professions, program_id) OVERRIDING SYSTEM VALUE VALUES (1002, ' ', 278);
INSERT INTO public.professions (id, professions, program_id) OVERRIDING SYSTEM VALUE VALUES (1003, '    ', 278);
INSERT INTO public.professions (id, professions, program_id) OVERRIDING SYSTEM VALUE VALUES (1004, '       ', 279);
INSERT INTO public.professions (id, professions, program_id) OVERRIDING SYSTEM VALUE VALUES (1005, '   ', 279);
INSERT INTO public.professions (id, professions, program_id) OVERRIDING SYSTEM VALUE VALUES (1006, '  - ', 280);
INSERT INTO public.professions (id, professions, program_id) OVERRIDING SYSTEM VALUE VALUES (1007, '', 280);
INSERT INTO public.professions (id, professions, program_id) OVERRIDING SYSTEM VALUE VALUES (1008, ' - ', 280);
INSERT INTO public.professions (id, professions, program_id) OVERRIDING SYSTEM VALUE VALUES (1009, '', 280);
INSERT INTO public.professions (id, professions, program_id) OVERRIDING SYSTEM VALUE VALUES (1010, ' ', 280);
INSERT INTO public.professions (id, professions, program_id) OVERRIDING SYSTEM VALUE VALUES (1109, '-', 299);
INSERT INTO public.professions (id, professions, program_id) OVERRIDING SYSTEM VALUE VALUES (1011, '      ', 281);
INSERT INTO public.professions (id, professions, program_id) OVERRIDING SYSTEM VALUE VALUES (1012, '  ', 281);
INSERT INTO public.professions (id, professions, program_id) OVERRIDING SYSTEM VALUE VALUES (1013, '     , ,    , , , , ', 281);
INSERT INTO public.professions (id, professions, program_id) OVERRIDING SYSTEM VALUE VALUES (1014, '     ', 281);
INSERT INTO public.professions (id, professions, program_id) OVERRIDING SYSTEM VALUE VALUES (1015, '     ', 281);
INSERT INTO public.professions (id, professions, program_id) OVERRIDING SYSTEM VALUE VALUES (1016, '', 282);
INSERT INTO public.professions (id, professions, program_id) OVERRIDING SYSTEM VALUE VALUES (1017, '', 282);
INSERT INTO public.professions (id, professions, program_id) OVERRIDING SYSTEM VALUE VALUES (1018, ' ', 282);
INSERT INTO public.professions (id, professions, program_id) OVERRIDING SYSTEM VALUE VALUES (1019, '  ', 282);
INSERT INTO public.professions (id, professions, program_id) OVERRIDING SYSTEM VALUE VALUES (1020, '', 282);
INSERT INTO public.professions (id, professions, program_id) OVERRIDING SYSTEM VALUE VALUES (1021, '', 283);
INSERT INTO public.professions (id, professions, program_id) OVERRIDING SYSTEM VALUE VALUES (1022, ' ', 283);
INSERT INTO public.professions (id, professions, program_id) OVERRIDING SYSTEM VALUE VALUES (1023, '-', 284);
INSERT INTO public.professions (id, professions, program_id) OVERRIDING SYSTEM VALUE VALUES (1024, '', 284);
INSERT INTO public.professions (id, professions, program_id) OVERRIDING SYSTEM VALUE VALUES (1025, ' ', 284);
INSERT INTO public.professions (id, professions, program_id) OVERRIDING SYSTEM VALUE VALUES (1026, '', 284);
INSERT INTO public.professions (id, professions, program_id) OVERRIDING SYSTEM VALUE VALUES (1027, ' ', 284);
INSERT INTO public.professions (id, professions, program_id) OVERRIDING SYSTEM VALUE VALUES (1028, 'Science-', 285);
INSERT INTO public.professions (id, professions, program_id) OVERRIDING SYSTEM VALUE VALUES (1029, '', 285);
INSERT INTO public.professions (id, professions, program_id) OVERRIDING SYSTEM VALUE VALUES (1030, '-', 285);
INSERT INTO public.professions (id, professions, program_id) OVERRIDING SYSTEM VALUE VALUES (1031, '', 285);
INSERT INTO public.professions (id, professions, program_id) OVERRIDING SYSTEM VALUE VALUES (1032, '-', 285);
INSERT INTO public.professions (id, professions, program_id) OVERRIDING SYSTEM VALUE VALUES (1033, '', 285);
INSERT INTO public.professions (id, professions, program_id) OVERRIDING SYSTEM VALUE VALUES (1034, '', 285);
INSERT INTO public.professions (id, professions, program_id) OVERRIDING SYSTEM VALUE VALUES (1035, '-', 285);
INSERT INTO public.professions (id, professions, program_id) OVERRIDING SYSTEM VALUE VALUES (1036, '', 286);
INSERT INTO public.professions (id, professions, program_id) OVERRIDING SYSTEM VALUE VALUES (1037, '', 286);
INSERT INTO public.professions (id, professions, program_id) OVERRIDING SYSTEM VALUE VALUES (1038, '', 286);
INSERT INTO public.professions (id, professions, program_id) OVERRIDING SYSTEM VALUE VALUES (1039, '', 286);
INSERT INTO public.professions (id, professions, program_id) OVERRIDING SYSTEM VALUE VALUES (1040, '', 286);
INSERT INTO public.professions (id, professions, program_id) OVERRIDING SYSTEM VALUE VALUES (1041, '-', 286);
INSERT INTO public.professions (id, professions, program_id) OVERRIDING SYSTEM VALUE VALUES (1042, '', 287);
INSERT INTO public.professions (id, professions, program_id) OVERRIDING SYSTEM VALUE VALUES (1043, '', 287);
INSERT INTO public.professions (id, professions, program_id) OVERRIDING SYSTEM VALUE VALUES (1044, '', 287);
INSERT INTO public.professions (id, professions, program_id) OVERRIDING SYSTEM VALUE VALUES (1045, '', 287);
INSERT INTO public.professions (id, professions, program_id) OVERRIDING SYSTEM VALUE VALUES (1046, ' ', 287);
INSERT INTO public.professions (id, professions, program_id) OVERRIDING SYSTEM VALUE VALUES (1047, '   ', 287);
INSERT INTO public.professions (id, professions, program_id) OVERRIDING SYSTEM VALUE VALUES (1048, '  - ', 287);
INSERT INTO public.professions (id, professions, program_id) OVERRIDING SYSTEM VALUE VALUES (1049, '   , , , , -  ', 288);
INSERT INTO public.professions (id, professions, program_id) OVERRIDING SYSTEM VALUE VALUES (1050, ' -       ', 288);
INSERT INTO public.professions (id, professions, program_id) OVERRIDING SYSTEM VALUE VALUES (1051, '', 288);
INSERT INTO public.professions (id, professions, program_id) OVERRIDING SYSTEM VALUE VALUES (1052, '-', 288);
INSERT INTO public.professions (id, professions, program_id) OVERRIDING SYSTEM VALUE VALUES (1053, '-', 288);
INSERT INTO public.professions (id, professions, program_id) OVERRIDING SYSTEM VALUE VALUES (1054, '', 288);
INSERT INTO public.professions (id, professions, program_id) OVERRIDING SYSTEM VALUE VALUES (1055, '', 288);
INSERT INTO public.professions (id, professions, program_id) OVERRIDING SYSTEM VALUE VALUES (1056, ' ', 288);
INSERT INTO public.professions (id, professions, program_id) OVERRIDING SYSTEM VALUE VALUES (1057, ' ', 288);
INSERT INTO public.professions (id, professions, program_id) OVERRIDING SYSTEM VALUE VALUES (1058, '  - ', 288);
INSERT INTO public.professions (id, professions, program_id) OVERRIDING SYSTEM VALUE VALUES (1059, '-   ', 289);
INSERT INTO public.professions (id, professions, program_id) OVERRIDING SYSTEM VALUE VALUES (1060, '', 289);
INSERT INTO public.professions (id, professions, program_id) OVERRIDING SYSTEM VALUE VALUES (1061, '   ', 289);
INSERT INTO public.professions (id, professions, program_id) OVERRIDING SYSTEM VALUE VALUES (1062, '', 290);
INSERT INTO public.professions (id, professions, program_id) OVERRIDING SYSTEM VALUE VALUES (1063, ' ', 290);
INSERT INTO public.professions (id, professions, program_id) OVERRIDING SYSTEM VALUE VALUES (1064, '', 290);
INSERT INTO public.professions (id, professions, program_id) OVERRIDING SYSTEM VALUE VALUES (1065, ' - ', 290);
INSERT INTO public.professions (id, professions, program_id) OVERRIDING SYSTEM VALUE VALUES (1066, '   ', 290);
INSERT INTO public.professions (id, professions, program_id) OVERRIDING SYSTEM VALUE VALUES (1067, '  - ', 290);
INSERT INTO public.professions (id, professions, program_id) OVERRIDING SYSTEM VALUE VALUES (1068, '', 291);
INSERT INTO public.professions (id, professions, program_id) OVERRIDING SYSTEM VALUE VALUES (1069, ' ', 291);
INSERT INTO public.professions (id, professions, program_id) OVERRIDING SYSTEM VALUE VALUES (1070, '', 291);
INSERT INTO public.professions (id, professions, program_id) OVERRIDING SYSTEM VALUE VALUES (1071, '  ', 291);
INSERT INTO public.professions (id, professions, program_id) OVERRIDING SYSTEM VALUE VALUES (1072, ' ', 291);
INSERT INTO public.professions (id, professions, program_id) OVERRIDING SYSTEM VALUE VALUES (1073, '  - ', 291);
INSERT INTO public.professions (id, professions, program_id) OVERRIDING SYSTEM VALUE VALUES (1074, '', 291);
INSERT INTO public.professions (id, professions, program_id) OVERRIDING SYSTEM VALUE VALUES (1075, '-', 292);
INSERT INTO public.professions (id, professions, program_id) OVERRIDING SYSTEM VALUE VALUES (1076, '  ', 292);
INSERT INTO public.professions (id, professions, program_id) OVERRIDING SYSTEM VALUE VALUES (1077, '   ', 292);
INSERT INTO public.professions (id, professions, program_id) OVERRIDING SYSTEM VALUE VALUES (1078, '', 292);
INSERT INTO public.professions (id, professions, program_id) OVERRIDING SYSTEM VALUE VALUES (1079, '', 292);
INSERT INTO public.professions (id, professions, program_id) OVERRIDING SYSTEM VALUE VALUES (1080, '', 292);
INSERT INTO public.professions (id, professions, program_id) OVERRIDING SYSTEM VALUE VALUES (1082, '', 293);
INSERT INTO public.professions (id, professions, program_id) OVERRIDING SYSTEM VALUE VALUES (1083, '    (  )', 293);
INSERT INTO public.professions (id, professions, program_id) OVERRIDING SYSTEM VALUE VALUES (1084, '', 293);
INSERT INTO public.professions (id, professions, program_id) OVERRIDING SYSTEM VALUE VALUES (1085, '', 294);
INSERT INTO public.professions (id, professions, program_id) OVERRIDING SYSTEM VALUE VALUES (1086, ' ', 294);
INSERT INTO public.professions (id, professions, program_id) OVERRIDING SYSTEM VALUE VALUES (1087, '-   ', 294);
INSERT INTO public.professions (id, professions, program_id) OVERRIDING SYSTEM VALUE VALUES (1088, '', 294);
INSERT INTO public.professions (id, professions, program_id) OVERRIDING SYSTEM VALUE VALUES (1089, '-', 295);
INSERT INTO public.professions (id, professions, program_id) OVERRIDING SYSTEM VALUE VALUES (1090, '', 295);
INSERT INTO public.professions (id, professions, program_id) OVERRIDING SYSTEM VALUE VALUES (1091, '', 295);
INSERT INTO public.professions (id, professions, program_id) OVERRIDING SYSTEM VALUE VALUES (1092, '', 295);
INSERT INTO public.professions (id, professions, program_id) OVERRIDING SYSTEM VALUE VALUES (1093, ' ', 296);
INSERT INTO public.professions (id, professions, program_id) OVERRIDING SYSTEM VALUE VALUES (1094, '', 297);
INSERT INTO public.professions (id, professions, program_id) OVERRIDING SYSTEM VALUE VALUES (1095, '', 297);
INSERT INTO public.professions (id, professions, program_id) OVERRIDING SYSTEM VALUE VALUES (1096, '', 297);
INSERT INTO public.professions (id, professions, program_id) OVERRIDING SYSTEM VALUE VALUES (1097, '', 297);
INSERT INTO public.professions (id, professions, program_id) OVERRIDING SYSTEM VALUE VALUES (1098, '', 297);
INSERT INTO public.professions (id, professions, program_id) OVERRIDING SYSTEM VALUE VALUES (1099, ' , ', 297);
INSERT INTO public.professions (id, professions, program_id) OVERRIDING SYSTEM VALUE VALUES (1100, '       ', 297);
INSERT INTO public.professions (id, professions, program_id) OVERRIDING SYSTEM VALUE VALUES (1101, '-', 297);
INSERT INTO public.professions (id, professions, program_id) OVERRIDING SYSTEM VALUE VALUES (1102, '', 298);
INSERT INTO public.professions (id, professions, program_id) OVERRIDING SYSTEM VALUE VALUES (1103, '  ', 298);
INSERT INTO public.professions (id, professions, program_id) OVERRIDING SYSTEM VALUE VALUES (1104, '  ', 298);
INSERT INTO public.professions (id, professions, program_id) OVERRIDING SYSTEM VALUE VALUES (1105, ' ', 298);
INSERT INTO public.professions (id, professions, program_id) OVERRIDING SYSTEM VALUE VALUES (1106, ' ', 298);
INSERT INTO public.professions (id, professions, program_id) OVERRIDING SYSTEM VALUE VALUES (1107, '', 298);
INSERT INTO public.professions (id, professions, program_id) OVERRIDING SYSTEM VALUE VALUES (1108, '', 299);
INSERT INTO public.professions (id, professions, program_id) OVERRIDING SYSTEM VALUE VALUES (1110, '', 299);
INSERT INTO public.professions (id, professions, program_id) OVERRIDING SYSTEM VALUE VALUES (1111, ' ', 299);
INSERT INTO public.professions (id, professions, program_id) OVERRIDING SYSTEM VALUE VALUES (1112, '  ', 299);
INSERT INTO public.professions (id, professions, program_id) OVERRIDING SYSTEM VALUE VALUES (1113, ' ', 299);
INSERT INTO public.professions (id, professions, program_id) OVERRIDING SYSTEM VALUE VALUES (1114, '  ', 300);
INSERT INTO public.professions (id, professions, program_id) OVERRIDING SYSTEM VALUE VALUES (1115, 'UX/UI ', 300);
INSERT INTO public.professions (id, professions, program_id) OVERRIDING SYSTEM VALUE VALUES (1116, '  ', 300);
INSERT INTO public.professions (id, professions, program_id) OVERRIDING SYSTEM VALUE VALUES (1117, ' ', 300);
INSERT INTO public.professions (id, professions, program_id) OVERRIDING SYSTEM VALUE VALUES (1118, ' ', 300);
INSERT INTO public.professions (id, professions, program_id) OVERRIDING SYSTEM VALUE VALUES (1119, '', 301);
INSERT INTO public.professions (id, professions, program_id) OVERRIDING SYSTEM VALUE VALUES (1120, '', 301);
INSERT INTO public.professions (id, professions, program_id) OVERRIDING SYSTEM VALUE VALUES (1121, '', 301);
INSERT INTO public.professions (id, professions, program_id) OVERRIDING SYSTEM VALUE VALUES (1122, '  ', 301);
INSERT INTO public.professions (id, professions, program_id) OVERRIDING SYSTEM VALUE VALUES (1123, '', 301);
INSERT INTO public.professions (id, professions, program_id) OVERRIDING SYSTEM VALUE VALUES (1124, '   ', 301);
INSERT INTO public.professions (id, professions, program_id) OVERRIDING SYSTEM VALUE VALUES (1125, '  ', 301);
INSERT INTO public.professions (id, professions, program_id) OVERRIDING SYSTEM VALUE VALUES (1126, ' ', 302);
INSERT INTO public.professions (id, professions, program_id) OVERRIDING SYSTEM VALUE VALUES (1127, '', 302);
INSERT INTO public.professions (id, professions, program_id) OVERRIDING SYSTEM VALUE VALUES (1128, '', 302);
INSERT INTO public.professions (id, professions, program_id) OVERRIDING SYSTEM VALUE VALUES (1129, '', 302);
INSERT INTO public.professions (id, professions, program_id) OVERRIDING SYSTEM VALUE VALUES (1130, '', 302);
INSERT INTO public.professions (id, professions, program_id) OVERRIDING SYSTEM VALUE VALUES (1131, '-', 302);
INSERT INTO public.professions (id, professions, program_id) OVERRIDING SYSTEM VALUE VALUES (1132, '  ', 302);
INSERT INTO public.professions (id, professions, program_id) OVERRIDING SYSTEM VALUE VALUES (1133, '  ', 302);
INSERT INTO public.professions (id, professions, program_id) OVERRIDING SYSTEM VALUE VALUES (1134, '', 303);
INSERT INTO public.professions (id, professions, program_id) OVERRIDING SYSTEM VALUE VALUES (1135, '', 303);
INSERT INTO public.professions (id, professions, program_id) OVERRIDING SYSTEM VALUE VALUES (1136, '  ', 303);
INSERT INTO public.professions (id, professions, program_id) OVERRIDING SYSTEM VALUE VALUES (1137, '-', 303);
INSERT INTO public.professions (id, professions, program_id) OVERRIDING SYSTEM VALUE VALUES (1138, '', 303);
INSERT INTO public.professions (id, professions, program_id) OVERRIDING SYSTEM VALUE VALUES (1139, '', 303);
INSERT INTO public.professions (id, professions, program_id) OVERRIDING SYSTEM VALUE VALUES (1140, ' ', 303);
INSERT INTO public.professions (id, professions, program_id) OVERRIDING SYSTEM VALUE VALUES (1141, ' ', 303);
INSERT INTO public.professions (id, professions, program_id) OVERRIDING SYSTEM VALUE VALUES (1142, '  - ', 304);
INSERT INTO public.professions (id, professions, program_id) OVERRIDING SYSTEM VALUE VALUES (1143, '', 305);
INSERT INTO public.professions (id, professions, program_id) OVERRIDING SYSTEM VALUE VALUES (1144, '', 305);
INSERT INTO public.professions (id, professions, program_id) OVERRIDING SYSTEM VALUE VALUES (1145, '', 305);
INSERT INTO public.professions (id, professions, program_id) OVERRIDING SYSTEM VALUE VALUES (1146, ' ', 305);
INSERT INTO public.professions (id, professions, program_id) OVERRIDING SYSTEM VALUE VALUES (1147, '   ', 305);
INSERT INTO public.professions (id, professions, program_id) OVERRIDING SYSTEM VALUE VALUES (1148, '-', 306);
INSERT INTO public.professions (id, professions, program_id) OVERRIDING SYSTEM VALUE VALUES (1149, '', 306);
INSERT INTO public.professions (id, professions, program_id) OVERRIDING SYSTEM VALUE VALUES (1150, ' ', 306);
INSERT INTO public.professions (id, professions, program_id) OVERRIDING SYSTEM VALUE VALUES (1151, '', 306);
INSERT INTO public.professions (id, professions, program_id) OVERRIDING SYSTEM VALUE VALUES (1152, '', 307);
INSERT INTO public.professions (id, professions, program_id) OVERRIDING SYSTEM VALUE VALUES (1153, '  ', 307);
INSERT INTO public.professions (id, professions, program_id) OVERRIDING SYSTEM VALUE VALUES (1154, '', 307);
INSERT INTO public.professions (id, professions, program_id) OVERRIDING SYSTEM VALUE VALUES (1155, '', 307);
INSERT INTO public.professions (id, professions, program_id) OVERRIDING SYSTEM VALUE VALUES (1156, ' ', 308);
INSERT INTO public.professions (id, professions, program_id) OVERRIDING SYSTEM VALUE VALUES (1157, '  ', 308);
INSERT INTO public.professions (id, professions, program_id) OVERRIDING SYSTEM VALUE VALUES (1158, '', 308);
INSERT INTO public.professions (id, professions, program_id) OVERRIDING SYSTEM VALUE VALUES (1159, ' ,  ,  ', 308);
INSERT INTO public.professions (id, professions, program_id) OVERRIDING SYSTEM VALUE VALUES (1160, '  ', 308);
INSERT INTO public.professions (id, professions, program_id) OVERRIDING SYSTEM VALUE VALUES (1161, '-', 309);
INSERT INTO public.professions (id, professions, program_id) OVERRIDING SYSTEM VALUE VALUES (1162, '-', 154);
INSERT INTO public.professions (id, professions, program_id) OVERRIDING SYSTEM VALUE VALUES (1163, '-', 154);
INSERT INTO public.professions (id, professions, program_id) OVERRIDING SYSTEM VALUE VALUES (1164, ' ', 154);
INSERT INTO public.professions (id, professions, program_id) OVERRIDING SYSTEM VALUE VALUES (1165, '   ,     ', 154);
INSERT INTO public.professions (id, professions, program_id) OVERRIDING SYSTEM VALUE VALUES (1166, '   ', 154);
INSERT INTO public.professions (id, professions, program_id) OVERRIDING SYSTEM VALUE VALUES (1167, '', 154);
INSERT INTO public.professions (id, professions, program_id) OVERRIDING SYSTEM VALUE VALUES (1168, ' -   ', 154);
INSERT INTO public.professions (id, professions, program_id) OVERRIDING SYSTEM VALUE VALUES (1169, '  ', 154);
INSERT INTO public.professions (id, professions, program_id) OVERRIDING SYSTEM VALUE VALUES (1170, ' - ', 153);
INSERT INTO public.professions (id, professions, program_id) OVERRIDING SYSTEM VALUE VALUES (1171, '-', 153);
INSERT INTO public.professions (id, professions, program_id) OVERRIDING SYSTEM VALUE VALUES (1172, '    ', 153);
INSERT INTO public.professions (id, professions, program_id) OVERRIDING SYSTEM VALUE VALUES (1173, '-', 153);
INSERT INTO public.professions (id, professions, program_id) OVERRIDING SYSTEM VALUE VALUES (1174, ' ', 153);
INSERT INTO public.professions (id, professions, program_id) OVERRIDING SYSTEM VALUE VALUES (1175, ' - ', 152);
INSERT INTO public.professions (id, professions, program_id) OVERRIDING SYSTEM VALUE VALUES (1176, '  ', 152);
INSERT INTO public.professions (id, professions, program_id) OVERRIDING SYSTEM VALUE VALUES (1177, '  ', 152);
INSERT INTO public.professions (id, professions, program_id) OVERRIDING SYSTEM VALUE VALUES (1178, '        ', 152);
INSERT INTO public.professions (id, professions, program_id) OVERRIDING SYSTEM VALUE VALUES (1179, '    ', 152);
INSERT INTO public.professions (id, professions, program_id) OVERRIDING SYSTEM VALUE VALUES (1180, '  ', 152);
INSERT INTO public.professions (id, professions, program_id) OVERRIDING SYSTEM VALUE VALUES (1181, '  ', 152);
INSERT INTO public.professions (id, professions, program_id) OVERRIDING SYSTEM VALUE VALUES (1182, '   ', 152);
INSERT INTO public.professions (id, professions, program_id) OVERRIDING SYSTEM VALUE VALUES (1183, '      ', 151);
INSERT INTO public.professions (id, professions, program_id) OVERRIDING SYSTEM VALUE VALUES (1184, ' - ', 151);
INSERT INTO public.professions (id, professions, program_id) OVERRIDING SYSTEM VALUE VALUES (1185, ' 3D-', 151);
INSERT INTO public.professions (id, professions, program_id) OVERRIDING SYSTEM VALUE VALUES (1186, '           ', 151);
INSERT INTO public.professions (id, professions, program_id) OVERRIDING SYSTEM VALUE VALUES (1187, '  ', 310);
INSERT INTO public.professions (id, professions, program_id) OVERRIDING SYSTEM VALUE VALUES (1188, '', 310);
INSERT INTO public.professions (id, professions, program_id) OVERRIDING SYSTEM VALUE VALUES (1189, '     ', 310);
INSERT INTO public.professions (id, professions, program_id) OVERRIDING SYSTEM VALUE VALUES (1190, '-', 310);
INSERT INTO public.professions (id, professions, program_id) OVERRIDING SYSTEM VALUE VALUES (1191, '   ', 310);
INSERT INTO public.professions (id, professions, program_id) OVERRIDING SYSTEM VALUE VALUES (1192, '', 310);
INSERT INTO public.professions (id, professions, program_id) OVERRIDING SYSTEM VALUE VALUES (1193, '      ', 310);
INSERT INTO public.professions (id, professions, program_id) OVERRIDING SYSTEM VALUE VALUES (1194, '  ', 310);
INSERT INTO public.professions (id, professions, program_id) OVERRIDING SYSTEM VALUE VALUES (1195, '     ', 310);
INSERT INTO public.professions (id, professions, program_id) OVERRIDING SYSTEM VALUE VALUES (1196, '   ', 310);


--
-- TOC entry 3402 (class 0 OID 16455)
-- Dependencies: 218
-- Data for Name: profiles; Type: TABLE DATA; Schema: public; Owner: postgres
--

INSERT INTO public.profiles (id, name, program_id, is_ochno, is_zaochno, is_ochzaoch) VALUES (1, ' ()    ', 156, true, false, false);
INSERT INTO public.profiles (id, name, program_id, is_ochno, is_zaochno, is_ochzaoch) VALUES (2, NULL, 167, true, false, false);
INSERT INTO public.profiles (id, name, program_id, is_ochno, is_zaochno, is_ochzaoch) VALUES (3, NULL, 311, true, false, false);
INSERT INTO public.profiles (id, name, program_id, is_ochno, is_zaochno, is_ochzaoch) VALUES (4, NULL, 169, true, false, false);
INSERT INTO public.profiles (id, name, program_id, is_ochno, is_zaochno, is_ochzaoch) VALUES (6, NULL, 174, true, false, false);
INSERT INTO public.profiles (id, name, program_id, is_ochno, is_zaochno, is_ochzaoch) VALUES (7, ' ()     ', 169, false, true, false);
INSERT INTO public.profiles (id, name, program_id, is_ochno, is_zaochno, is_ochzaoch) VALUES (8, ' () ', 171, false, false, true);
INSERT INTO public.profiles (id, name, program_id, is_ochno, is_zaochno, is_ochzaoch) VALUES (9, ' () ', 174, false, false, true);
INSERT INTO public.profiles (id, name, program_id, is_ochno, is_zaochno, is_ochzaoch) VALUES (10, NULL, 175, true, false, false);
INSERT INTO public.profiles (id, name, program_id, is_ochno, is_zaochno, is_ochzaoch) VALUES (11, NULL, 176, true, false, false);
INSERT INTO public.profiles (id, name, program_id, is_ochno, is_zaochno, is_ochzaoch) VALUES (12, NULL, 177, true, false, false);
INSERT INTO public.profiles (id, name, program_id, is_ochno, is_zaochno, is_ochzaoch) VALUES (13, NULL, 183, true, false, false);
INSERT INTO public.profiles (id, name, program_id, is_ochno, is_zaochno, is_ochzaoch) VALUES (14, ' ()      ', 183, false, false, true);
INSERT INTO public.profiles (id, name, program_id, is_ochno, is_zaochno, is_ochzaoch) VALUES (15, ' ()     ', 184, true, false, false);
INSERT INTO public.profiles (id, name, program_id, is_ochno, is_zaochno, is_ochzaoch) VALUES (5, NULL, 171, true, false, false);
INSERT INTO public.profiles (id, name, program_id, is_ochno, is_zaochno, is_ochzaoch) VALUES (16, ' ()      (     ) ', 186, true, false, true);
INSERT INTO public.profiles (id, name, program_id, is_ochno, is_zaochno, is_ochzaoch) VALUES (17, ' ()        ', 190, true, true, false);
INSERT INTO public.profiles (id, name, program_id, is_ochno, is_zaochno, is_ochzaoch) VALUES (18, NULL, 310, true, false, false);
INSERT INTO public.profiles (id, name, program_id, is_ochno, is_zaochno, is_ochzaoch) VALUES (19, ' ()    ,    ', 192, true, true, false);
INSERT INTO public.profiles (id, name, program_id, is_ochno, is_zaochno, is_ochzaoch) VALUES (20, ' ()      ', 194, true, true, false);
INSERT INTO public.profiles (id, name, program_id, is_ochno, is_zaochno, is_ochzaoch) VALUES (21, ' ()   ', 199, true, true, false);
INSERT INTO public.profiles (id, name, program_id, is_ochno, is_zaochno, is_ochzaoch) VALUES (22, ' ()         ', 205, true, false, false);
INSERT INTO public.profiles (id, name, program_id, is_ochno, is_zaochno, is_ochzaoch) VALUES (23, ' ()     ', 206, true, true, false);
INSERT INTO public.profiles (id, name, program_id, is_ochno, is_zaochno, is_ochzaoch) VALUES (24, ' ()  ', 209, true, true, false);
INSERT INTO public.profiles (id, name, program_id, is_ochno, is_zaochno, is_ochzaoch) VALUES (25, '       -  ', 312, true, false, false);
INSERT INTO public.profiles (id, name, program_id, is_ochno, is_zaochno, is_ochzaoch) VALUES (26, ' ()       ', 211, true, true, false);
INSERT INTO public.profiles (id, name, program_id, is_ochno, is_zaochno, is_ochzaoch) VALUES (27, NULL, 238, true, true, false);
INSERT INTO public.profiles (id, name, program_id, is_ochno, is_zaochno, is_ochzaoch) VALUES (28, NULL, 241, true, true, false);
INSERT INTO public.profiles (id, name, program_id, is_ochno, is_zaochno, is_ochzaoch) VALUES (29, NULL, 240, true, true, false);
INSERT INTO public.profiles (id, name, program_id, is_ochno, is_zaochno, is_ochzaoch) VALUES (30, ' ()     ', 248, true, true, false);
INSERT INTO public.profiles (id, name, program_id, is_ochno, is_zaochno, is_ochzaoch) VALUES (31, '     ', 247, true, false, true);
INSERT INTO public.profiles (id, name, program_id, is_ochno, is_zaochno, is_ochzaoch) VALUES (32, ' ()  ', 249, true, false, true);
INSERT INTO public.profiles (id, name, program_id, is_ochno, is_zaochno, is_ochzaoch) VALUES (33, NULL, 313, true, false, false);
INSERT INTO public.profiles (id, name, program_id, is_ochno, is_zaochno, is_ochzaoch) VALUES (34, NULL, 251, true, true, true);
INSERT INTO public.profiles (id, name, program_id, is_ochno, is_zaochno, is_ochzaoch) VALUES (35, NULL, 252, true, true, true);
INSERT INTO public.profiles (id, name, program_id, is_ochno, is_zaochno, is_ochzaoch) VALUES (36, NULL, 253, true, true, true);
INSERT INTO public.profiles (id, name, program_id, is_ochno, is_zaochno, is_ochzaoch) VALUES (37, NULL, 314, true, true, true);
INSERT INTO public.profiles (id, name, program_id, is_ochno, is_zaochno, is_ochzaoch) VALUES (38, NULL, 254, true, true, true);
INSERT INTO public.profiles (id, name, program_id, is_ochno, is_zaochno, is_ochzaoch) VALUES (39, ' -   ', 315, true, true, false);
INSERT INTO public.profiles (id, name, program_id, is_ochno, is_zaochno, is_ochzaoch) VALUES (40, ' ()       ', 149, true, false, false);
INSERT INTO public.profiles (id, name, program_id, is_ochno, is_zaochno, is_ochzaoch) VALUES (41, ' ()    ', 149, false, true, false);
INSERT INTO public.profiles (id, name, program_id, is_ochno, is_zaochno, is_ochzaoch) VALUES (42, NULL, 148, false, true, false);
INSERT INTO public.profiles (id, name, program_id, is_ochno, is_zaochno, is_ochzaoch) VALUES (43, NULL, 147, true, false, false);
INSERT INTO public.profiles (id, name, program_id, is_ochno, is_zaochno, is_ochzaoch) VALUES (44, NULL, 257, true, true, true);
INSERT INTO public.profiles (id, name, program_id, is_ochno, is_zaochno, is_ochzaoch) VALUES (45, ' ()       ', 257, true, false, false);
INSERT INTO public.profiles (id, name, program_id, is_ochno, is_zaochno, is_ochzaoch) VALUES (46, ' -', 316, true, true, false);
INSERT INTO public.profiles (id, name, program_id, is_ochno, is_zaochno, is_ochzaoch) VALUES (47, '  ', 317, true, false, false);
INSERT INTO public.profiles (id, name, program_id, is_ochno, is_zaochno, is_ochzaoch) VALUES (48, '  ', 318, true, true, false);
INSERT INTO public.profiles (id, name, program_id, is_ochno, is_zaochno, is_ochzaoch) VALUES (49, NULL, 261, true, false, false);
INSERT INTO public.profiles (id, name, program_id, is_ochno, is_zaochno, is_ochzaoch) VALUES (50, NULL, 262, true, false, false);
INSERT INTO public.profiles (id, name, program_id, is_ochno, is_zaochno, is_ochzaoch) VALUES (51, NULL, 259, true, false, false);
INSERT INTO public.profiles (id, name, program_id, is_ochno, is_zaochno, is_ochzaoch) VALUES (52, ' ()     ', 261, false, false, true);
INSERT INTO public.profiles (id, name, program_id, is_ochno, is_zaochno, is_ochzaoch) VALUES (53, NULL, 264, true, true, false);
INSERT INTO public.profiles (id, name, program_id, is_ochno, is_zaochno, is_ochzaoch) VALUES (54, NULL, 265, true, true, false);
INSERT INTO public.profiles (id, name, program_id, is_ochno, is_zaochno, is_ochzaoch) VALUES (55, ' () ', 268, true, false, false);
INSERT INTO public.profiles (id, name, program_id, is_ochno, is_zaochno, is_ochzaoch) VALUES (56, NULL, 270, false, true, false);
INSERT INTO public.profiles (id, name, program_id, is_ochno, is_zaochno, is_ochzaoch) VALUES (57, '()    ', 271, true, false, false);
INSERT INTO public.profiles (id, name, program_id, is_ochno, is_zaochno, is_ochzaoch) VALUES (58, ' ()   - ', 272, true, false, false);
INSERT INTO public.profiles (id, name, program_id, is_ochno, is_zaochno, is_ochzaoch) VALUES (59, ' ()     ', 272, true, true, false);
INSERT INTO public.profiles (id, name, program_id, is_ochno, is_zaochno, is_ochzaoch) VALUES (60, ' ()  ', 272, false, true, false);
INSERT INTO public.profiles (id, name, program_id, is_ochno, is_zaochno, is_ochzaoch) VALUES (61, ' ()  ', 272, false, true, false);
INSERT INTO public.profiles (id, name, program_id, is_ochno, is_zaochno, is_ochzaoch) VALUES (62, ' ()  ', 273, true, false, false);
INSERT INTO public.profiles (id, name, program_id, is_ochno, is_zaochno, is_ochzaoch) VALUES (63, ' ()    ', 273, false, true, false);
INSERT INTO public.profiles (id, name, program_id, is_ochno, is_zaochno, is_ochzaoch) VALUES (64, ' ()   ', 273, NULL, NULL, true);
INSERT INTO public.profiles (id, name, program_id, is_ochno, is_zaochno, is_ochzaoch) VALUES (65, NULL, 274, true, true, false);
INSERT INTO public.profiles (id, name, program_id, is_ochno, is_zaochno, is_ochzaoch) VALUES (66, ' ()  .   ( )', 319, true, false, false);
INSERT INTO public.profiles (id, name, program_id, is_ochno, is_zaochno, is_ochzaoch) VALUES (67, ' ()  .  ', 319, true, false, false);
INSERT INTO public.profiles (id, name, program_id, is_ochno, is_zaochno, is_ochzaoch) VALUES (70, ' ()  ', 319, true, false, false);
INSERT INTO public.profiles (id, name, program_id, is_ochno, is_zaochno, is_ochzaoch) VALUES (71, ' ()      ()', 319, true, false, false);
INSERT INTO public.profiles (id, name, program_id, is_ochno, is_zaochno, is_ochzaoch) VALUES (72, ' ()  (   ).  ', 319, true, false, false);
INSERT INTO public.profiles (id, name, program_id, is_ochno, is_zaochno, is_ochzaoch) VALUES (73, ' ()     ()', 319, true, false, false);
INSERT INTO public.profiles (id, name, program_id, is_ochno, is_zaochno, is_ochzaoch) VALUES (74, ' ()    ', 319, true, false, false);
INSERT INTO public.profiles (id, name, program_id, is_ochno, is_zaochno, is_ochzaoch) VALUES (75, ' ()   ', 319, true, false, false);
INSERT INTO public.profiles (id, name, program_id, is_ochno, is_zaochno, is_ochzaoch) VALUES (68, ' ()   ', 319, true, true, false);
INSERT INTO public.profiles (id, name, program_id, is_ochno, is_zaochno, is_ochzaoch) VALUES (76, ' ()    /   ', 319, true, false, false);
INSERT INTO public.profiles (id, name, program_id, is_ochno, is_zaochno, is_ochzaoch) VALUES (69, ' ()    ', 319, true, true, false);
INSERT INTO public.profiles (id, name, program_id, is_ochno, is_zaochno, is_ochzaoch) VALUES (77, NULL, 275, true, false, false);
INSERT INTO public.profiles (id, name, program_id, is_ochno, is_zaochno, is_ochzaoch) VALUES (78, NULL, 276, true, false, true);
INSERT INTO public.profiles (id, name, program_id, is_ochno, is_zaochno, is_ochzaoch) VALUES (79, ' ()     ', 278, true, false, false);
INSERT INTO public.profiles (id, name, program_id, is_ochno, is_zaochno, is_ochzaoch) VALUES (80, '     ( )', 279, true, false, false);
INSERT INTO public.profiles (id, name, program_id, is_ochno, is_zaochno, is_ochzaoch) VALUES (81, ' () ', 280, NULL, false, true);
INSERT INTO public.profiles (id, name, program_id, is_ochno, is_zaochno, is_ochzaoch) VALUES (82, NULL, 281, false, true, false);
INSERT INTO public.profiles (id, name, program_id, is_ochno, is_zaochno, is_ochzaoch) VALUES (83, NULL, 145, true, false, false);
INSERT INTO public.profiles (id, name, program_id, is_ochno, is_zaochno, is_ochzaoch) VALUES (84, ' ()  ', 300, true, NULL, true);
INSERT INTO public.profiles (id, name, program_id, is_ochno, is_zaochno, is_ochzaoch) VALUES (85, ' ()   ', 320, true, false, false);
INSERT INTO public.profiles (id, name, program_id, is_ochno, is_zaochno, is_ochzaoch) VALUES (88, NULL, 164, false, false, false);
INSERT INTO public.profiles (id, name, program_id, is_ochno, is_zaochno, is_ochzaoch) VALUES (87, NULL, 165, false, false, false);
INSERT INTO public.profiles (id, name, program_id, is_ochno, is_zaochno, is_ochzaoch) VALUES (86, NULL, 166, false, false, false);


--
-- TOC entry 3397 (class 0 OID 16400)
-- Dependencies: 213
-- Data for Name: programs; Type: TABLE DATA; Schema: public; Owner: postgres
--

INSERT INTO public.programs (program_id, program, "group", is_in_agu) VALUES (167, '04.03.01 ', 4, true);
INSERT INTO public.programs (program_id, program, "group", is_in_agu) VALUES (169, '05.03.01 ', 5, true);
INSERT INTO public.programs (program_id, program, "group", is_in_agu) VALUES (171, '05.03.03   ', 5, true);
INSERT INTO public.programs (program_id, program, "group", is_in_agu) VALUES (174, '05.03.06   ', 5, true);
INSERT INTO public.programs (program_id, program, "group", is_in_agu) VALUES (211, '22.03.01    ', 22, true);
INSERT INTO public.programs (program_id, program, "group", is_in_agu) VALUES (155, '01.03.01 ', 1, false);
INSERT INTO public.programs (program_id, program, "group", is_in_agu) VALUES (158, '01.03.03    ', 1, false);
INSERT INTO public.programs (program_id, program, "group", is_in_agu) VALUES (160, '01.03.05 ', 1, false);
INSERT INTO public.programs (program_id, program, "group", is_in_agu) VALUES (161, '02.03.01    ', 2, false);
INSERT INTO public.programs (program_id, program, "group", is_in_agu) VALUES (162, '02.03.02     ', 2, false);
INSERT INTO public.programs (program_id, program, "group", is_in_agu) VALUES (163, '02.03.03      ', 2, false);
INSERT INTO public.programs (program_id, program, "group", is_in_agu) VALUES (164, '03.03.01    ', 3, false);
INSERT INTO public.programs (program_id, program, "group", is_in_agu) VALUES (165, '03.03.02 ', 3, false);
INSERT INTO public.programs (program_id, program, "group", is_in_agu) VALUES (166, '03.03.03 ', 3, false);
INSERT INTO public.programs (program_id, program, "group", is_in_agu) VALUES (168, '04.03.02 ,    ', 4, false);
INSERT INTO public.programs (program_id, program, "group", is_in_agu) VALUES (170, '05.03.02 ', 5, false);
INSERT INTO public.programs (program_id, program, "group", is_in_agu) VALUES (276, '45.03.02 ', 45, true);
INSERT INTO public.programs (program_id, program, "group", is_in_agu) VALUES (278, '45.03.04     ', 45, true);
INSERT INTO public.programs (program_id, program, "group", is_in_agu) VALUES (279, '45.05.01   ', 45, true);
INSERT INTO public.programs (program_id, program, "group", is_in_agu) VALUES (238, '35.03.04 ', 35, true);
INSERT INTO public.programs (program_id, program, "group", is_in_agu) VALUES (240, '35.03.06 ', 35, true);
INSERT INTO public.programs (program_id, program, "group", is_in_agu) VALUES (247, '36.05.01 ', 36, true);
INSERT INTO public.programs (program_id, program, "group", is_in_agu) VALUES (251, '38.03.01 ', 38, true);
INSERT INTO public.programs (program_id, program, "group", is_in_agu) VALUES (252, '38.03.02 ', 38, true);
INSERT INTO public.programs (program_id, program, "group", is_in_agu) VALUES (253, '38.03.03  ', 38, true);
INSERT INTO public.programs (program_id, program, "group", is_in_agu) VALUES (254, '38.03.05 -', 38, true);
INSERT INTO public.programs (program_id, program, "group", is_in_agu) VALUES (257, '40.03.01 ', 40, true);
INSERT INTO public.programs (program_id, program, "group", is_in_agu) VALUES (259, '41.03.01  ', 41, true);
INSERT INTO public.programs (program_id, program, "group", is_in_agu) VALUES (261, '41.03.04 ', 41, true);
INSERT INTO public.programs (program_id, program, "group", is_in_agu) VALUES (262, '41.03.05  ', 41, true);
INSERT INTO public.programs (program_id, program, "group", is_in_agu) VALUES (264, '42.03.01     ', 42, true);
INSERT INTO public.programs (program_id, program, "group", is_in_agu) VALUES (265, '42.03.02 ', 42, true);
INSERT INTO public.programs (program_id, program, "group", is_in_agu) VALUES (280, '46.03.01 ', 46, true);
INSERT INTO public.programs (program_id, program, "group", is_in_agu) VALUES (281, '46.03.02   ', 46, true);
INSERT INTO public.programs (program_id, program, "group", is_in_agu) VALUES (300, '54.03.01 ', 54, true);
INSERT INTO public.programs (program_id, program, "group", is_in_agu) VALUES (229, '29.03.05    ', 29, false);
INSERT INTO public.programs (program_id, program, "group", is_in_agu) VALUES (230, '31.05.01  ', 31, false);
INSERT INTO public.programs (program_id, program, "group", is_in_agu) VALUES (231, '31.05.02 ', 31, false);
INSERT INTO public.programs (program_id, program, "group", is_in_agu) VALUES (232, '31.05.03 ', 34, false);
INSERT INTO public.programs (program_id, program, "group", is_in_agu) VALUES (233, '31.05.04 ', 34, false);
INSERT INTO public.programs (program_id, program, "group", is_in_agu) VALUES (234, '34.03.01  ', 34, false);
INSERT INTO public.programs (program_id, program, "group", is_in_agu) VALUES (235, '35.03.01  ', 35, false);
INSERT INTO public.programs (program_id, program, "group", is_in_agu) VALUES (236, '35.03.02     ', 35, false);
INSERT INTO public.programs (program_id, program, "group", is_in_agu) VALUES (237, '35.03.03   ', 35, false);
INSERT INTO public.programs (program_id, program, "group", is_in_agu) VALUES (151, '12.03.05     ', 12, false);
INSERT INTO public.programs (program_id, program, "group", is_in_agu) VALUES (150, '38.03.10     ', 38, false);
INSERT INTO public.programs (program_id, program, "group", is_in_agu) VALUES (186, '10.03.01  ', 10, true);
INSERT INTO public.programs (program_id, program, "group", is_in_agu) VALUES (142, '49.03.04 ', 49, false);
INSERT INTO public.programs (program_id, program, "group", is_in_agu) VALUES (143, '49.03.03   - ', 49, false);
INSERT INTO public.programs (program_id, program, "group", is_in_agu) VALUES (156, '01.03.02    ', 1, true);
INSERT INTO public.programs (program_id, program, "group", is_in_agu) VALUES (311, '04.05.01    ', 4, true);
INSERT INTO public.programs (program_id, program, "group", is_in_agu) VALUES (175, '06.03.01 ', 6, true);
INSERT INTO public.programs (program_id, program, "group", is_in_agu) VALUES (176, '06.03.02 ', 6, true);
INSERT INTO public.programs (program_id, program, "group", is_in_agu) VALUES (177, '07.03.01 ', 7, true);
INSERT INTO public.programs (program_id, program, "group", is_in_agu) VALUES (183, '09.03.02    ', 9, true);
INSERT INTO public.programs (program_id, program, "group", is_in_agu) VALUES (184, '09.03.03  ', 9, true);
INSERT INTO public.programs (program_id, program, "group", is_in_agu) VALUES (190, '11.03.04   ', 11, true);
INSERT INTO public.programs (program_id, program, "group", is_in_agu) VALUES (192, '13.03.02   ', 13, true);
INSERT INTO public.programs (program_id, program, "group", is_in_agu) VALUES (194, '15.03.01 ', 15, true);
INSERT INTO public.programs (program_id, program, "group", is_in_agu) VALUES (199, '15.03.06   ', 15, true);
INSERT INTO public.programs (program_id, program, "group", is_in_agu) VALUES (205, '19.03.04      ', 19, true);
INSERT INTO public.programs (program_id, program, "group", is_in_agu) VALUES (206, '20.03.01  ', 20, true);
INSERT INTO public.programs (program_id, program, "group", is_in_agu) VALUES (209, '21.03.02   ', 21, true);
INSERT INTO public.programs (program_id, program, "group", is_in_agu) VALUES (310, '12.03.04    ', 12, true);
INSERT INTO public.programs (program_id, program, "group", is_in_agu) VALUES (312, '21.05.02  ', 21, true);
INSERT INTO public.programs (program_id, program, "group", is_in_agu) VALUES (241, '35.03.07      ', 35, true);
INSERT INTO public.programs (program_id, program, "group", is_in_agu) VALUES (248, '36.03.02 ', 36, true);
INSERT INTO public.programs (program_id, program, "group", is_in_agu) VALUES (249, '37.03.01 ', 37, true);
INSERT INTO public.programs (program_id, program, "group", is_in_agu) VALUES (313, '37.05.01  ', 37, true);
INSERT INTO public.programs (program_id, program, "group", is_in_agu) VALUES (314, '38.03.04    ', 38, true);
INSERT INTO public.programs (program_id, program, "group", is_in_agu) VALUES (315, '38.05.01  ', 38, true);
INSERT INTO public.programs (program_id, program, "group", is_in_agu) VALUES (147, '39.03.03    ', 39, true);
INSERT INTO public.programs (program_id, program, "group", is_in_agu) VALUES (148, '39.03.02  ', 39, true);
INSERT INTO public.programs (program_id, program, "group", is_in_agu) VALUES (149, '39.03.01 ', 39, true);
INSERT INTO public.programs (program_id, program, "group", is_in_agu) VALUES (316, '40.05.01    ', 40, true);
INSERT INTO public.programs (program_id, program, "group", is_in_agu) VALUES (317, '40.05.03  ', 40, true);
INSERT INTO public.programs (program_id, program, "group", is_in_agu) VALUES (318, '40.05.04    ', 40, true);
INSERT INTO public.programs (program_id, program, "group", is_in_agu) VALUES (268, '42.03.05 ', 42, true);
INSERT INTO public.programs (program_id, program, "group", is_in_agu) VALUES (270, '43.03.02 ', 43, true);
INSERT INTO public.programs (program_id, program, "group", is_in_agu) VALUES (271, '43.03.03  ', 43, true);
INSERT INTO public.programs (program_id, program, "group", is_in_agu) VALUES (272, '44.03.01  ', 44, true);
INSERT INTO public.programs (program_id, program, "group", is_in_agu) VALUES (273, '44.03.02 - ', 44, true);
INSERT INTO public.programs (program_id, program, "group", is_in_agu) VALUES (274, '44.03.03  () ', 44, true);
INSERT INTO public.programs (program_id, program, "group", is_in_agu) VALUES (275, '45.03.01 ', 45, true);
INSERT INTO public.programs (program_id, program, "group", is_in_agu) VALUES (319, '44.03.05   (   )', 44, true);
INSERT INTO public.programs (program_id, program, "group", is_in_agu) VALUES (145, '49.03.01  ', 49, true);
INSERT INTO public.programs (program_id, program, "group", is_in_agu) VALUES (320, '58.03.01   ', 58, true);
INSERT INTO public.programs (program_id, program, "group", is_in_agu) VALUES (172, '05.03.04 ', 5, false);
INSERT INTO public.programs (program_id, program, "group", is_in_agu) VALUES (173, '05.03.05  ', 5, false);
INSERT INTO public.programs (program_id, program, "group", is_in_agu) VALUES (178, '07.03.02     ', 7, false);
INSERT INTO public.programs (program_id, program, "group", is_in_agu) VALUES (179, '07.03.03   ', 7, false);
INSERT INTO public.programs (program_id, program, "group", is_in_agu) VALUES (180, '07.03.04 ', 7, false);
INSERT INTO public.programs (program_id, program, "group", is_in_agu) VALUES (181, '08.03.01 ', 8, false);
INSERT INTO public.programs (program_id, program, "group", is_in_agu) VALUES (182, '09.03.01    ', 9, false);
INSERT INTO public.programs (program_id, program, "group", is_in_agu) VALUES (185, '09.03.04  ', 9, false);
INSERT INTO public.programs (program_id, program, "group", is_in_agu) VALUES (187, '11.03.01 ', 11, false);
INSERT INTO public.programs (program_id, program, "group", is_in_agu) VALUES (188, '11.03.02     ', 11, false);
INSERT INTO public.programs (program_id, program, "group", is_in_agu) VALUES (189, '11.03.03     ', 11, false);
INSERT INTO public.programs (program_id, program, "group", is_in_agu) VALUES (191, '13.03.01   ', 13, false);
INSERT INTO public.programs (program_id, program, "group", is_in_agu) VALUES (193, '13.03.03  ', 13, false);
INSERT INTO public.programs (program_id, program, "group", is_in_agu) VALUES (195, '15.03.02    ', 15, false);
INSERT INTO public.programs (program_id, program, "group", is_in_agu) VALUES (196, '15.03.03  ', 15, false);
INSERT INTO public.programs (program_id, program, "group", is_in_agu) VALUES (197, '15.03.04     ', 15, false);
INSERT INTO public.programs (program_id, program, "group", is_in_agu) VALUES (198, '15.03.05 -   ', 15, false);
INSERT INTO public.programs (program_id, program, "group", is_in_agu) VALUES (200, '18.03.01  ', 18, false);
INSERT INTO public.programs (program_id, program, "group", is_in_agu) VALUES (146, '48.03.01 ', 48, false);
INSERT INTO public.programs (program_id, program, "group", is_in_agu) VALUES (144, '49.03.02         ', 49, false);
INSERT INTO public.programs (program_id, program, "group", is_in_agu) VALUES (201, '18.03.02       ,   ', 18, false);
INSERT INTO public.programs (program_id, program, "group", is_in_agu) VALUES (202, '19.03.01 ', 19, false);
INSERT INTO public.programs (program_id, program, "group", is_in_agu) VALUES (203, '19.03.02     ', 19, false);
INSERT INTO public.programs (program_id, program, "group", is_in_agu) VALUES (204, '19.03.03    ', 19, false);
INSERT INTO public.programs (program_id, program, "group", is_in_agu) VALUES (207, '20.03.02   ', 20, false);
INSERT INTO public.programs (program_id, program, "group", is_in_agu) VALUES (208, '21.03.01  ', 21, false);
INSERT INTO public.programs (program_id, program, "group", is_in_agu) VALUES (210, '21.03.03    ', 21, false);
INSERT INTO public.programs (program_id, program, "group", is_in_agu) VALUES (213, '26.03.01       ', 26, false);
INSERT INTO public.programs (program_id, program, "group", is_in_agu) VALUES (214, '26.03.02 ,      ', 26, false);
INSERT INTO public.programs (program_id, program, "group", is_in_agu) VALUES (215, '26.03.03  ,    ', 26, false);
INSERT INTO public.programs (program_id, program, "group", is_in_agu) VALUES (216, '26.03.04 -    -  ', 26, false);
INSERT INTO public.programs (program_id, program, "group", is_in_agu) VALUES (217, '27.03.01   ', 27, false);
INSERT INTO public.programs (program_id, program, "group", is_in_agu) VALUES (218, '27.03.02  ', 27, false);
INSERT INTO public.programs (program_id, program, "group", is_in_agu) VALUES (219, '27.03.03    ', 27, false);
INSERT INTO public.programs (program_id, program, "group", is_in_agu) VALUES (220, '27.03.04    ', 27, false);
INSERT INTO public.programs (program_id, program, "group", is_in_agu) VALUES (221, '27.03.05 ', 27, false);
INSERT INTO public.programs (program_id, program, "group", is_in_agu) VALUES (222, '28.03.01    ', 28, false);
INSERT INTO public.programs (program_id, program, "group", is_in_agu) VALUES (223, '28.03.02 ', 28, false);
INSERT INTO public.programs (program_id, program, "group", is_in_agu) VALUES (224, '28.03.03 ', 28, false);
INSERT INTO public.programs (program_id, program, "group", is_in_agu) VALUES (225, '29.03.01    ', 29, false);
INSERT INTO public.programs (program_id, program, "group", is_in_agu) VALUES (226, '29.03.02     ', 29, false);
INSERT INTO public.programs (program_id, program, "group", is_in_agu) VALUES (227, '29.03.03     ', 29, false);
INSERT INTO public.programs (program_id, program, "group", is_in_agu) VALUES (228, '29.03.04    ', 29, false);
INSERT INTO public.programs (program_id, program, "group", is_in_agu) VALUES (239, '35.03.05 ', 35, false);
INSERT INTO public.programs (program_id, program, "group", is_in_agu) VALUES (242, '35.03.08    ', 35, false);
INSERT INTO public.programs (program_id, program, "group", is_in_agu) VALUES (243, '35.03.09  ', 35, false);
INSERT INTO public.programs (program_id, program, "group", is_in_agu) VALUES (244, '35.03.10  ', 35, false);
INSERT INTO public.programs (program_id, program, "group", is_in_agu) VALUES (245, '35.03.11 ', 35, false);
INSERT INTO public.programs (program_id, program, "group", is_in_agu) VALUES (246, '36.03.01 - ', 36, false);
INSERT INTO public.programs (program_id, program, "group", is_in_agu) VALUES (250, '37.03.02 ', 37, false);
INSERT INTO public.programs (program_id, program, "group", is_in_agu) VALUES (255, '38.03.06  ', 38, false);
INSERT INTO public.programs (program_id, program, "group", is_in_agu) VALUES (256, '38.03.07 ', 38, false);
INSERT INTO public.programs (program_id, program, "group", is_in_agu) VALUES (258, '40.03.02    ', 40, false);
INSERT INTO public.programs (program_id, program, "group", is_in_agu) VALUES (260, '41.03.02  ', 41, false);
INSERT INTO public.programs (program_id, program, "group", is_in_agu) VALUES (263, '41.03.06     ', 41, false);
INSERT INTO public.programs (program_id, program, "group", is_in_agu) VALUES (269, '43.03.01 ', 43, false);
INSERT INTO public.programs (program_id, program, "group", is_in_agu) VALUES (277, '45.03.03    ', 45, false);
INSERT INTO public.programs (program_id, program, "group", is_in_agu) VALUES (282, '46.03.03   ', 46, false);
INSERT INTO public.programs (program_id, program, "group", is_in_agu) VALUES (283, '46.03.04 ', 46, false);
INSERT INTO public.programs (program_id, program, "group", is_in_agu) VALUES (284, '50.03.01    ', 50, false);
INSERT INTO public.programs (program_id, program, "group", is_in_agu) VALUES (285, '50.03.02  ', 50, false);
INSERT INTO public.programs (program_id, program, "group", is_in_agu) VALUES (286, '50.03.03  ', 50, false);
INSERT INTO public.programs (program_id, program, "group", is_in_agu) VALUES (287, '50.03.04    ', 50, false);
INSERT INTO public.programs (program_id, program, "group", is_in_agu) VALUES (288, '51.03.01 ', 51, false);
INSERT INTO public.programs (program_id, program, "group", is_in_agu) VALUES (289, '51.03.02   ', 51, false);
INSERT INTO public.programs (program_id, program, "group", is_in_agu) VALUES (290, '51.03.03 - ', 51, false);
INSERT INTO public.programs (program_id, program, "group", is_in_agu) VALUES (291, '51.03.04        ', 51, false);
INSERT INTO public.programs (program_id, program, "group", is_in_agu) VALUES (292, '51.03.05     ', 51, false);
INSERT INTO public.programs (program_id, program, "group", is_in_agu) VALUES (293, '51.03.06 - ', 51, false);
INSERT INTO public.programs (program_id, program, "group", is_in_agu) VALUES (294, '52.03.01  ', 51, false);
INSERT INTO public.programs (program_id, program, "group", is_in_agu) VALUES (295, '52.03.02  ', 51, false);
INSERT INTO public.programs (program_id, program, "group", is_in_agu) VALUES (296, '52.03.03  ', 52, false);
INSERT INTO public.programs (program_id, program, "group", is_in_agu) VALUES (297, '52.03.04    ', 52, false);
INSERT INTO public.programs (program_id, program, "group", is_in_agu) VALUES (298, '52.03.05 ', 52, false);
INSERT INTO public.programs (program_id, program, "group", is_in_agu) VALUES (299, '52.03.06 ', 52, false);
INSERT INTO public.programs (program_id, program, "group", is_in_agu) VALUES (301, '54.03.02 -    ', 54, false);
INSERT INTO public.programs (program_id, program, "group", is_in_agu) VALUES (302, '54.03.03    ', 54, false);
INSERT INTO public.programs (program_id, program, "group", is_in_agu) VALUES (303, '54.03.04 ', 54, false);
INSERT INTO public.programs (program_id, program, "group", is_in_agu) VALUES (304, '54.03.05   ', 54, false);
INSERT INTO public.programs (program_id, program, "group", is_in_agu) VALUES (305, '55.05.01    ', 55, false);
INSERT INTO public.programs (program_id, program, "group", is_in_agu) VALUES (306, '55.05.02   ', 55, false);
INSERT INTO public.programs (program_id, program, "group", is_in_agu) VALUES (307, '55.05.03 ', 55, false);
INSERT INTO public.programs (program_id, program, "group", is_in_agu) VALUES (308, '55.05.04 ', 55, false);
INSERT INTO public.programs (program_id, program, "group", is_in_agu) VALUES (309, '55.05.05 ', 55, false);
INSERT INTO public.programs (program_id, program, "group", is_in_agu) VALUES (266, '42.03.03  ', 42, false);
INSERT INTO public.programs (program_id, program, "group", is_in_agu) VALUES (267, '42.03.04 ', 42, false);
INSERT INTO public.programs (program_id, program, "group", is_in_agu) VALUES (159, '01.03.04  ', 1, false);
INSERT INTO public.programs (program_id, program, "group", is_in_agu) VALUES (154, '12.03.01 ', 12, false);
INSERT INTO public.programs (program_id, program, "group", is_in_agu) VALUES (153, '12.03.02 ', 12, false);
INSERT INTO public.programs (program_id, program, "group", is_in_agu) VALUES (152, '12.03.03   ', 12, false);
INSERT INTO public.programs (program_id, program, "group", is_in_agu) VALUES (212, '22.03.02 ', 22, false);


--
-- TOC entry 3399 (class 0 OID 16406)
-- Dependencies: 215
-- Data for Name: questions; Type: TABLE DATA; Schema: public; Owner: postgres
--

INSERT INTO public.questions (questions, program_id) VALUES ('           ?', 165);
INSERT INTO public.questions (questions, program_id) VALUES ('       ,   ,     ?', 165);
INSERT INTO public.questions (questions, program_id) VALUES ('          - ,    ?', 165);
INSERT INTO public.questions (questions, program_id) VALUES ('              ?', 167);
INSERT INTO public.questions (questions, program_id) VALUES ('         ,     ?', 167);
INSERT INTO public.questions (questions, program_id) VALUES ('           ?', 171);
INSERT INTO public.questions (questions, program_id) VALUES ('      (),       ,          ?', 171);
INSERT INTO public.questions (questions, program_id) VALUES ('            ,     ,   ?', 171);
INSERT INTO public.questions (questions, program_id) VALUES ('              ?', 171);
INSERT INTO public.questions (questions, program_id) VALUES ('          ,      ,  ,   ?', 171);
INSERT INTO public.questions (questions, program_id) VALUES ('        ,     ?', 275);
INSERT INTO public.questions (questions, program_id) VALUES ('           ?', 156);
INSERT INTO public.questions (questions, program_id) VALUES ('        ,   ,  ,   ?', 174);
INSERT INTO public.questions (questions, program_id) VALUES ('        ,       ?', 174);
INSERT INTO public.questions (questions, program_id) VALUES ('     ,          ?', 174);
INSERT INTO public.questions (questions, program_id) VALUES ('           ,     ?', 174);
INSERT INTO public.questions (questions, program_id) VALUES ('           ?', 156);
INSERT INTO public.questions (questions, program_id) VALUES ('         ?', 156);
INSERT INTO public.questions (questions, program_id) VALUES ('          ,   ,    ?', 165);
INSERT INTO public.questions (questions, program_id) VALUES ('     ,          ?', 174);
INSERT INTO public.questions (questions, program_id) VALUES ('           ,     ?', 175);
INSERT INTO public.questions (questions, program_id) VALUES ('    , ,     ?', 177);
INSERT INTO public.questions (questions, program_id) VALUES ('            ?', 177);
INSERT INTO public.questions (questions, program_id) VALUES ('      ,   -   ?', 177);
INSERT INTO public.questions (questions, program_id) VALUES ('         ,    , ,   ?', 177);
INSERT INTO public.questions (questions, program_id) VALUES ('       ?', 182);
INSERT INTO public.questions (questions, program_id) VALUES ('      ,    ?', 182);
INSERT INTO public.questions (questions, program_id) VALUES ('          ,     ?', 182);
INSERT INTO public.questions (questions, program_id) VALUES ('        ,   , ,  -   ?', 182);
INSERT INTO public.questions (questions, program_id) VALUES ('      ,     ?', 182);
INSERT INTO public.questions (questions, program_id) VALUES ('        ?', 183);
INSERT INTO public.questions (questions, program_id) VALUES ('               ?', 183);
INSERT INTO public.questions (questions, program_id) VALUES ('      (,  , -)?', 183);
INSERT INTO public.questions (questions, program_id) VALUES ('      ,  ?', 183);
INSERT INTO public.questions (questions, program_id) VALUES ('      ,    ?', 183);
INSERT INTO public.questions (questions, program_id) VALUES ('      , ,     , , ?', 184);
INSERT INTO public.questions (questions, program_id) VALUES ('    ,     ?', 184);
INSERT INTO public.questions (questions, program_id) VALUES ('       ,        ?', 184);
INSERT INTO public.questions (questions, program_id) VALUES ('    ,      ?', 184);
INSERT INTO public.questions (questions, program_id) VALUES ('         , ,     ?', 184);
INSERT INTO public.questions (questions, program_id) VALUES ('             ,   ?', 186);
INSERT INTO public.questions (questions, program_id) VALUES ('      , ,    ?', 186);
INSERT INTO public.questions (questions, program_id) VALUES ('            ?', 186);
INSERT INTO public.questions (questions, program_id) VALUES ('         ,    ,    ,    (IDS)     (IPS)?', 186);
INSERT INTO public.questions (questions, program_id) VALUES ('        -      ?', 186);
INSERT INTO public.questions (questions, program_id) VALUES ('          , ,  ?', 190);
INSERT INTO public.questions (questions, program_id) VALUES ('        ,      ,   ?', 175);
INSERT INTO public.questions (questions, program_id) VALUES ('               ?', 190);
INSERT INTO public.questions (questions, program_id) VALUES ('              ?', 190);
INSERT INTO public.questions (questions, program_id) VALUES ('        ?', 190);
INSERT INTO public.questions (questions, program_id) VALUES ('         ,          ?', 190);
INSERT INTO public.questions (questions, program_id) VALUES ('       , ,    ?', 202);
INSERT INTO public.questions (questions, program_id) VALUES ('            ?', 202);
INSERT INTO public.questions (questions, program_id) VALUES ('                ?', 202);
INSERT INTO public.questions (questions, program_id) VALUES ('                ?', 202);
INSERT INTO public.questions (questions, program_id) VALUES ('         , ,    ?', 202);
INSERT INTO public.questions (questions, program_id) VALUES ('       ,        ?', 206);
INSERT INTO public.questions (questions, program_id) VALUES ('                  ?', 206);
INSERT INTO public.questions (questions, program_id) VALUES ('       , ,   ,       ?', 206);
INSERT INTO public.questions (questions, program_id) VALUES ('              ?', 206);
INSERT INTO public.questions (questions, program_id) VALUES ('          - ,      ?', 209);
INSERT INTO public.questions (questions, program_id) VALUES ('        , ,      ?', 209);
INSERT INTO public.questions (questions, program_id) VALUES ('                     ?', 209);
INSERT INTO public.questions (questions, program_id) VALUES ('           ?', 209);
INSERT INTO public.questions (questions, program_id) VALUES ('            -    ?', 238);
INSERT INTO public.questions (questions, program_id) VALUES ('         ()             - ?', 238);
INSERT INTO public.questions (questions, program_id) VALUES ('                   ?', 238);
INSERT INTO public.questions (questions, program_id) VALUES ('                ?', 238);
INSERT INTO public.questions (questions, program_id) VALUES ('            ?', 238);
INSERT INTO public.questions (questions, program_id) VALUES ('       , ,          ?', 240);
INSERT INTO public.questions (questions, program_id) VALUES ('                 ?', 240);
INSERT INTO public.questions (questions, program_id) VALUES ('          ?', 240);
INSERT INTO public.questions (questions, program_id) VALUES ('              ?', 240);
INSERT INTO public.questions (questions, program_id) VALUES ('      ,       ?', 247);
INSERT INTO public.questions (questions, program_id) VALUES ('        ,            ?', 247);
INSERT INTO public.questions (questions, program_id) VALUES ('    -        ,     ?', 247);
INSERT INTO public.questions (questions, program_id) VALUES ('     ,     ,      ,     ?', 247);
INSERT INTO public.questions (questions, program_id) VALUES ('     , ,      ?', 251);
INSERT INTO public.questions (questions, program_id) VALUES ('        ,       - ?', 251);
INSERT INTO public.questions (questions, program_id) VALUES ('             ?', 251);
INSERT INTO public.questions (questions, program_id) VALUES ('         ,         ?', 251);
INSERT INTO public.questions (questions, program_id) VALUES ('            ,    ,  ,  ?', 252);
INSERT INTO public.questions (questions, program_id) VALUES ('       ,        ?', 252);
INSERT INTO public.questions (questions, program_id) VALUES ('              ,    ?', 252);
INSERT INTO public.questions (questions, program_id) VALUES ('          ,        ,     ?', 252);
INSERT INTO public.questions (questions, program_id) VALUES ('    ,   ,    ?', 253);
INSERT INTO public.questions (questions, program_id) VALUES ('          ?', 253);
INSERT INTO public.questions (questions, program_id) VALUES ('     ,          ?', 253);
INSERT INTO public.questions (questions, program_id) VALUES ('      ,     ,     ,   ?', 253);
INSERT INTO public.questions (questions, program_id) VALUES ('        ,        ?', 254);
INSERT INTO public.questions (questions, program_id) VALUES ('    ,         ?', 254);
INSERT INTO public.questions (questions, program_id) VALUES ('        IT ,    ?', 254);
INSERT INTO public.questions (questions, program_id) VALUES ('              ?', 254);
INSERT INTO public.questions (questions, program_id) VALUES ('     , ,     ?', 257);
INSERT INTO public.questions (questions, program_id) VALUES ('       ?', 257);
INSERT INTO public.questions (questions, program_id) VALUES ('     ,    ?', 257);
INSERT INTO public.questions (questions, program_id) VALUES ('                      ,    ?', 257);
INSERT INTO public.questions (questions, program_id) VALUES ('          ,  ?', 257);
INSERT INTO public.questions (questions, program_id) VALUES ('                ?', 252);
INSERT INTO public.questions (questions, program_id) VALUES ('        ,  ,   ?', 254);
INSERT INTO public.questions (questions, program_id) VALUES ('           ?', 261);
INSERT INTO public.questions (questions, program_id) VALUES ('       ,       ,    ?', 261);
INSERT INTO public.questions (questions, program_id) VALUES ('     ,        ?', 261);
INSERT INTO public.questions (questions, program_id) VALUES ('       -     -   ,  ,    ,  ?', 261);
INSERT INTO public.questions (questions, program_id) VALUES ('       ,       ?', 262);
INSERT INTO public.questions (questions, program_id) VALUES ('           ?', 262);
INSERT INTO public.questions (questions, program_id) VALUES ('       ,     ,       ?', 262);
INSERT INTO public.questions (questions, program_id) VALUES ('        ,   , ,   ,     ?', 262);
INSERT INTO public.questions (questions, program_id) VALUES ('           ()         ?', 264);
INSERT INTO public.questions (questions, program_id) VALUES ('           ,   ,   , , ?', 264);
INSERT INTO public.questions (questions, program_id) VALUES ('          (-)   (),  ,    ?', 264);
INSERT INTO public.questions (questions, program_id) VALUES ('        ,     ?', 265);
INSERT INTO public.questions (questions, program_id) VALUES ('    ,    , , -,    ?', 265);
INSERT INTO public.questions (questions, program_id) VALUES ('       ?', 265);
INSERT INTO public.questions (questions, program_id) VALUES ('     ,     ?', 265);
INSERT INTO public.questions (questions, program_id) VALUES ('       , ,  ?', 265);
INSERT INTO public.questions (questions, program_id) VALUES ('     ,      ,        ?', 270);
INSERT INTO public.questions (questions, program_id) VALUES ('      ,     ,     ?', 270);
INSERT INTO public.questions (questions, program_id) VALUES ('      ,       ?', 271);
INSERT INTO public.questions (questions, program_id) VALUES ('     ,  ,        ?', 271);
INSERT INTO public.questions (questions, program_id) VALUES ('          ,       ?', 271);
INSERT INTO public.questions (questions, program_id) VALUES ('          ,     ?', 271);
INSERT INTO public.questions (questions, program_id) VALUES ('     (,   )  ,       ?', 271);
INSERT INTO public.questions (questions, program_id) VALUES ('      : , , , ;    ?', 275);
INSERT INTO public.questions (questions, program_id) VALUES ('      ,    - ?', 275);
INSERT INTO public.questions (questions, program_id) VALUES ('     (, ,    ),   ?', 275);
INSERT INTO public.questions (questions, program_id) VALUES ('      ,   ?', 264);
INSERT INTO public.questions (questions, program_id) VALUES ('         ?', 270);
INSERT INTO public.questions (questions, program_id) VALUES ('         (, , , ),    ,    ?', 276);
INSERT INTO public.questions (questions, program_id) VALUES ('             ?', 276);
INSERT INTO public.questions (questions, program_id) VALUES ('           ?', 276);
INSERT INTO public.questions (questions, program_id) VALUES ('        ?', 276);
INSERT INTO public.questions (questions, program_id) VALUES ('         ?', 280);
INSERT INTO public.questions (questions, program_id) VALUES ('              ?', 280);
INSERT INTO public.questions (questions, program_id) VALUES ('         ?', 280);
INSERT INTO public.questions (questions, program_id) VALUES ('          ?', 280);
INSERT INTO public.questions (questions, program_id) VALUES ('                 ?', 281);
INSERT INTO public.questions (questions, program_id) VALUES ('         ?', 281);
INSERT INTO public.questions (questions, program_id) VALUES ('       ,    ?', 281);
INSERT INTO public.questions (questions, program_id) VALUES ('             ,    ,     ?', 281);
INSERT INTO public.questions (questions, program_id) VALUES ('          ,  ,  ,  ?', 288);
INSERT INTO public.questions (questions, program_id) VALUES ('      , ,     ?', 288);
INSERT INTO public.questions (questions, program_id) VALUES ('          :  , , ,  , ,  ,     . .?', 300);
INSERT INTO public.questions (questions, program_id) VALUES ('      , ,    ?', 300);
INSERT INTO public.questions (questions, program_id) VALUES ('      -,        ?', 300);
INSERT INTO public.questions (questions, program_id) VALUES ('             -?', 300);
INSERT INTO public.questions (questions, program_id) VALUES ('        (   )      ?', 155);
INSERT INTO public.questions (questions, program_id) VALUES ('        ,            , ,   ..?', 155);
INSERT INTO public.questions (questions, program_id) VALUES ('          ,        ,   ?', 155);
INSERT INTO public.questions (questions, program_id) VALUES ('          ?', 155);
INSERT INTO public.questions (questions, program_id) VALUES ('    ,         ?', 155);
INSERT INTO public.questions (questions, program_id) VALUES ('        ,  ,  ?', 158);
INSERT INTO public.questions (questions, program_id) VALUES ('          ?', 158);
INSERT INTO public.questions (questions, program_id) VALUES ('           ?', 158);
INSERT INTO public.questions (questions, program_id) VALUES ('             ?', 158);
INSERT INTO public.questions (questions, program_id) VALUES ('       (,   ,  .)?', 158);
INSERT INTO public.questions (questions, program_id) VALUES ('        ?', 185);
INSERT INTO public.questions (questions, program_id) VALUES ('      ,  ,  ?', 288);
INSERT INTO public.questions (questions, program_id) VALUES ('            ?', 159);
INSERT INTO public.questions (questions, program_id) VALUES ('          , ,   ,    ,      , , ,     ?', 159);
INSERT INTO public.questions (questions, program_id) VALUES ('      ,           - ?', 159);
INSERT INTO public.questions (questions, program_id) VALUES ('       ,       ?', 159);
INSERT INTO public.questions (questions, program_id) VALUES ('             ?', 159);
INSERT INTO public.questions (questions, program_id) VALUES ('        ,     ?', 160);
INSERT INTO public.questions (questions, program_id) VALUES ('       -   -  ?', 160);
INSERT INTO public.questions (questions, program_id) VALUES ('          , ,  ,       ?', 160);
INSERT INTO public.questions (questions, program_id) VALUES ('     ,   : , , ,   ?', 160);
INSERT INTO public.questions (questions, program_id) VALUES ('              ()   ?', 160);
INSERT INTO public.questions (questions, program_id) VALUES ('      ,  ,   ?', 166);
INSERT INTO public.questions (questions, program_id) VALUES ('           ?', 166);
INSERT INTO public.questions (questions, program_id) VALUES ('         ?', 166);
INSERT INTO public.questions (questions, program_id) VALUES ('    ,      ?', 166);
INSERT INTO public.questions (questions, program_id) VALUES ('           ?', 166);
INSERT INTO public.questions (questions, program_id) VALUES ('       ,         ?', 168);
INSERT INTO public.questions (questions, program_id) VALUES ('            ?', 168);
INSERT INTO public.questions (questions, program_id) VALUES ('            ?', 168);
INSERT INTO public.questions (questions, program_id) VALUES ('     ,     ?', 169);
INSERT INTO public.questions (questions, program_id) VALUES ('        ,     ?', 164);
INSERT INTO public.questions (questions, program_id) VALUES ('            ?', 164);
INSERT INTO public.questions (questions, program_id) VALUES ('       ?', 169);
INSERT INTO public.questions (questions, program_id) VALUES ('    ,       ?', 170);
INSERT INTO public.questions (questions, program_id) VALUES ('         ?', 169);
INSERT INTO public.questions (questions, program_id) VALUES ('      ,    ?', 170);
INSERT INTO public.questions (questions, program_id) VALUES ('      ,   ,   ?', 169);
INSERT INTO public.questions (questions, program_id) VALUES ('           ?', 172);
INSERT INTO public.questions (questions, program_id) VALUES ('        ?', 172);
INSERT INTO public.questions (questions, program_id) VALUES ('            ?', 172);
INSERT INTO public.questions (questions, program_id) VALUES ('              ?', 172);
INSERT INTO public.questions (questions, program_id) VALUES ('      ,       ?', 172);
INSERT INTO public.questions (questions, program_id) VALUES ('          ?', 173);
INSERT INTO public.questions (questions, program_id) VALUES ('             ?', 173);
INSERT INTO public.questions (questions, program_id) VALUES ('      ?', 175);
INSERT INTO public.questions (questions, program_id) VALUES ('               ?', 179);
INSERT INTO public.questions (questions, program_id) VALUES ('           ?', 179);
INSERT INTO public.questions (questions, program_id) VALUES ('         ,  ?', 179);
INSERT INTO public.questions (questions, program_id) VALUES ('    -     ?', 179);
INSERT INTO public.questions (questions, program_id) VALUES ('     ?', 179);
INSERT INTO public.questions (questions, program_id) VALUES ('           ?', 185);
INSERT INTO public.questions (questions, program_id) VALUES ('       ?', 185);
INSERT INTO public.questions (questions, program_id) VALUES ('        ?', 185);
INSERT INTO public.questions (questions, program_id) VALUES ('          ?', 185);
INSERT INTO public.questions (questions, program_id) VALUES ('       ,      ?', 180);
INSERT INTO public.questions (questions, program_id) VALUES ('             ?', 178);
INSERT INTO public.questions (questions, program_id) VALUES ('     ,         ?', 173);
INSERT INTO public.questions (questions, program_id) VALUES ('           ?', 173);
INSERT INTO public.questions (questions, program_id) VALUES ('    ,       ?', 170);
INSERT INTO public.questions (questions, program_id) VALUES ('   ?', 176);
INSERT INTO public.questions (questions, program_id) VALUES ('      ?', 187);
INSERT INTO public.questions (questions, program_id) VALUES ('      ?', 187);
INSERT INTO public.questions (questions, program_id) VALUES ('       ?', 187);
INSERT INTO public.questions (questions, program_id) VALUES ('         ?', 187);
INSERT INTO public.questions (questions, program_id) VALUES ('      ,   ?', 187);
INSERT INTO public.questions (questions, program_id) VALUES ('           ?', 188);
INSERT INTO public.questions (questions, program_id) VALUES ('          ?', 188);
INSERT INTO public.questions (questions, program_id) VALUES ('          ?', 188);
INSERT INTO public.questions (questions, program_id) VALUES ('         ?', 188);
INSERT INTO public.questions (questions, program_id) VALUES ('              ?', 188);
INSERT INTO public.questions (questions, program_id) VALUES ('       ?', 189);
INSERT INTO public.questions (questions, program_id) VALUES ('      ?', 189);
INSERT INTO public.questions (questions, program_id) VALUES ('       ?', 189);
INSERT INTO public.questions (questions, program_id) VALUES ('       ?', 189);
INSERT INTO public.questions (questions, program_id) VALUES ('      ?', 191);
INSERT INTO public.questions (questions, program_id) VALUES ('      ?', 191);
INSERT INTO public.questions (questions, program_id) VALUES ('    ,      ?', 191);
INSERT INTO public.questions (questions, program_id) VALUES ('          ?', 191);
INSERT INTO public.questions (questions, program_id) VALUES ('           ?', 191);
INSERT INTO public.questions (questions, program_id) VALUES ('      ?', 192);
INSERT INTO public.questions (questions, program_id) VALUES ('       ?', 192);
INSERT INTO public.questions (questions, program_id) VALUES ('       ?', 192);
INSERT INTO public.questions (questions, program_id) VALUES ('         ?', 192);
INSERT INTO public.questions (questions, program_id) VALUES ('        ?', 192);
INSERT INTO public.questions (questions, program_id) VALUES ('       ?', 194);
INSERT INTO public.questions (questions, program_id) VALUES ('       ?', 194);
INSERT INTO public.questions (questions, program_id) VALUES ('    ,          ?', 194);
INSERT INTO public.questions (questions, program_id) VALUES ('       ?', 194);
INSERT INTO public.questions (questions, program_id) VALUES ('      ?', 194);
INSERT INTO public.questions (questions, program_id) VALUES ('      ?', 195);
INSERT INTO public.questions (questions, program_id) VALUES ('         ?', 195);
INSERT INTO public.questions (questions, program_id) VALUES ('    ,     ?', 195);
INSERT INTO public.questions (questions, program_id) VALUES ('         ?', 195);
INSERT INTO public.questions (questions, program_id) VALUES ('     ?', 195);
INSERT INTO public.questions (questions, program_id) VALUES ('     ?', 196);
INSERT INTO public.questions (questions, program_id) VALUES ('       ,   ?', 196);
INSERT INTO public.questions (questions, program_id) VALUES ('          ?', 196);
INSERT INTO public.questions (questions, program_id) VALUES ('             ?', 196);
INSERT INTO public.questions (questions, program_id) VALUES ('           ?', 196);
INSERT INTO public.questions (questions, program_id) VALUES ('     ?', 197);
INSERT INTO public.questions (questions, program_id) VALUES ('        ?', 193);
INSERT INTO public.questions (questions, program_id) VALUES ('      ?', 193);
INSERT INTO public.questions (questions, program_id) VALUES ('          ?', 193);
INSERT INTO public.questions (questions, program_id) VALUES ('       ?', 189);
INSERT INTO public.questions (questions, program_id) VALUES ('            ?', 197);
INSERT INTO public.questions (questions, program_id) VALUES ('          ?', 197);
INSERT INTO public.questions (questions, program_id) VALUES ('          ?', 197);
INSERT INTO public.questions (questions, program_id) VALUES ('           ?', 197);
INSERT INTO public.questions (questions, program_id) VALUES ('            ?', 198);
INSERT INTO public.questions (questions, program_id) VALUES ('         ?', 198);
INSERT INTO public.questions (questions, program_id) VALUES ('       ?', 198);
INSERT INTO public.questions (questions, program_id) VALUES ('            ?', 198);
INSERT INTO public.questions (questions, program_id) VALUES ('     CAD/CAM             ?', 198);
INSERT INTO public.questions (questions, program_id) VALUES ('      ?', 207);
INSERT INTO public.questions (questions, program_id) VALUES ('        ?', 207);
INSERT INTO public.questions (questions, program_id) VALUES ('          ?', 207);
INSERT INTO public.questions (questions, program_id) VALUES ('            ?', 207);
INSERT INTO public.questions (questions, program_id) VALUES ('     ,   , , ?', 207);
INSERT INTO public.questions (questions, program_id) VALUES ('       ?', 208);
INSERT INTO public.questions (questions, program_id) VALUES ('      ?', 208);
INSERT INTO public.questions (questions, program_id) VALUES ('          ?', 208);
INSERT INTO public.questions (questions, program_id) VALUES ('             ?', 208);
INSERT INTO public.questions (questions, program_id) VALUES ('       ?', 210);
INSERT INTO public.questions (questions, program_id) VALUES ('      ?', 210);
INSERT INTO public.questions (questions, program_id) VALUES ('        (GPS, )?', 210);
INSERT INTO public.questions (questions, program_id) VALUES ('         ?', 210);
INSERT INTO public.questions (questions, program_id) VALUES ('     ?', 210);
INSERT INTO public.questions (questions, program_id) VALUES ('      ?', 235);
INSERT INTO public.questions (questions, program_id) VALUES ('    ?', 235);
INSERT INTO public.questions (questions, program_id) VALUES ('      ?', 235);
INSERT INTO public.questions (questions, program_id) VALUES ('           ?', 235);
INSERT INTO public.questions (questions, program_id) VALUES ('           ?', 235);
INSERT INTO public.questions (questions, program_id) VALUES ('      ?', 236);
INSERT INTO public.questions (questions, program_id) VALUES ('    ,   ?', 236);
INSERT INTO public.questions (questions, program_id) VALUES ('       ?', 236);
INSERT INTO public.questions (questions, program_id) VALUES ('         ?', 236);
INSERT INTO public.questions (questions, program_id) VALUES ('         ?', 236);
INSERT INTO public.questions (questions, program_id) VALUES ('           ?', 237);
INSERT INTO public.questions (questions, program_id) VALUES ('     ?', 239);
INSERT INTO public.questions (questions, program_id) VALUES ('     ?', 239);
INSERT INTO public.questions (questions, program_id) VALUES ('          ?', 239);
INSERT INTO public.questions (questions, program_id) VALUES ('      ?', 239);
INSERT INTO public.questions (questions, program_id) VALUES ('     ?', 244);
INSERT INTO public.questions (questions, program_id) VALUES ('           ?', 244);
INSERT INTO public.questions (questions, program_id) VALUES ('         ?', 244);
INSERT INTO public.questions (questions, program_id) VALUES ('       ?', 244);
INSERT INTO public.questions (questions, program_id) VALUES ('     ?', 244);
INSERT INTO public.questions (questions, program_id) VALUES ('    -     ?', 246);
INSERT INTO public.questions (questions, program_id) VALUES ('        ?', 246);
INSERT INTO public.questions (questions, program_id) VALUES ('        ?', 246);
INSERT INTO public.questions (questions, program_id) VALUES ('      ?', 248);
INSERT INTO public.questions (questions, program_id) VALUES ('     ?', 248);
INSERT INTO public.questions (questions, program_id) VALUES ('     ?', 248);
INSERT INTO public.questions (questions, program_id) VALUES ('     ?', 248);
INSERT INTO public.questions (questions, program_id) VALUES ('        ,    ?', 258);
INSERT INTO public.questions (questions, program_id) VALUES ('       ,      ,      ?', 258);
INSERT INTO public.questions (questions, program_id) VALUES ('          ?', 258);
INSERT INTO public.questions (questions, program_id) VALUES ('              ?', 308);
INSERT INTO public.questions (questions, program_id) VALUES ('          ?', 243);
INSERT INTO public.questions (questions, program_id) VALUES ('     ,   ?', 248);
INSERT INTO public.questions (questions, program_id) VALUES ('     ,  ,  ,  ,  , ?', 258);
INSERT INTO public.questions (questions, program_id) VALUES ('       ?', 258);
INSERT INTO public.questions (questions, program_id) VALUES ('        , ,  , ?', 260);
INSERT INTO public.questions (questions, program_id) VALUES ('             ?', 260);
INSERT INTO public.questions (questions, program_id) VALUES ('     ,         -,     ?', 260);
INSERT INTO public.questions (questions, program_id) VALUES ('       ,          ?', 260);
INSERT INTO public.questions (questions, program_id) VALUES ('           ?', 260);
INSERT INTO public.questions (questions, program_id) VALUES ('     ,    ?', 263);
INSERT INTO public.questions (questions, program_id) VALUES ('        ,     ?', 263);
INSERT INTO public.questions (questions, program_id) VALUES ('           ?', 263);
INSERT INTO public.questions (questions, program_id) VALUES ('               ?', 263);
INSERT INTO public.questions (questions, program_id) VALUES ('         , ,     ?', 263);
INSERT INTO public.questions (questions, program_id) VALUES ('     ,       ?', 266);
INSERT INTO public.questions (questions, program_id) VALUES ('          ,      :   ,  ?', 266);
INSERT INTO public.questions (questions, program_id) VALUES ('     : , ,  ,   ?', 266);
INSERT INTO public.questions (questions, program_id) VALUES ('       ,  ?      ?', 266);
INSERT INTO public.questions (questions, program_id) VALUES ('         ,    ?', 266);
INSERT INTO public.questions (questions, program_id) VALUES ('           :  , , -,  ?', 267);
INSERT INTO public.questions (questions, program_id) VALUES ('     , ,    .?', 267);
INSERT INTO public.questions (questions, program_id) VALUES ('     ,  ,    ?', 267);
INSERT INTO public.questions (questions, program_id) VALUES ('     ,        ?', 267);
INSERT INTO public.questions (questions, program_id) VALUES ('      ,      , ,  ,   ?', 267);
INSERT INTO public.questions (questions, program_id) VALUES ('        ,         ?', 268);
INSERT INTO public.questions (questions, program_id) VALUES ('     (,   .),    ?', 268);
INSERT INTO public.questions (questions, program_id) VALUES ('      ,    ?', 268);
INSERT INTO public.questions (questions, program_id) VALUES ('               ,         ?', 268);
INSERT INTO public.questions (questions, program_id) VALUES ('        ?', 269);
INSERT INTO public.questions (questions, program_id) VALUES ('         ,       ?', 269);
INSERT INTO public.questions (questions, program_id) VALUES ('         ,    ,  -  - ?', 269);
INSERT INTO public.questions (questions, program_id) VALUES ('         ?', 250);
INSERT INTO public.questions (questions, program_id) VALUES ('        ,              ?', 269);
INSERT INTO public.questions (questions, program_id) VALUES ('         ,  ,   ?', 269);
INSERT INTO public.questions (questions, program_id) VALUES ('           ?', 272);
INSERT INTO public.questions (questions, program_id) VALUES ('    ,   -       - ?', 272);
INSERT INTO public.questions (questions, program_id) VALUES ('          ?', 272);
INSERT INTO public.questions (questions, program_id) VALUES ('      - ?', 272);
INSERT INTO public.questions (questions, program_id) VALUES ('         ?', 272);
INSERT INTO public.questions (questions, program_id) VALUES ('      ,    ?', 273);
INSERT INTO public.questions (questions, program_id) VALUES ('        - ?', 273);
INSERT INTO public.questions (questions, program_id) VALUES ('          ?', 273);
INSERT INTO public.questions (questions, program_id) VALUES ('        ,       ?', 273);
INSERT INTO public.questions (questions, program_id) VALUES ('      ,   ?', 273);
INSERT INTO public.questions (questions, program_id) VALUES ('           ,  (, , )   ?', 277);
INSERT INTO public.questions (questions, program_id) VALUES ('         (   ,    )?', 277);
INSERT INTO public.questions (questions, program_id) VALUES ('        :    ,  ,    ..?', 277);
INSERT INTO public.questions (questions, program_id) VALUES ('           ,   ?', 277);
INSERT INTO public.questions (questions, program_id) VALUES ('       ,    ?', 277);
INSERT INTO public.questions (questions, program_id) VALUES ('        ,          ?', 278);
INSERT INTO public.questions (questions, program_id) VALUES ('         ( ,   ,    ,     )?', 278);
INSERT INTO public.questions (questions, program_id) VALUES ('                    (, , , -)?', 278);
INSERT INTO public.questions (questions, program_id) VALUES ('             ?', 278);
INSERT INTO public.questions (questions, program_id) VALUES ('            ?', 278);
INSERT INTO public.questions (questions, program_id) VALUES ('          ?', 282);
INSERT INTO public.questions (questions, program_id) VALUES ('        ?', 282);
INSERT INTO public.questions (questions, program_id) VALUES ('    ?', 282);
INSERT INTO public.questions (questions, program_id) VALUES ('         ?', 282);
INSERT INTO public.questions (questions, program_id) VALUES ('            ?        ?', 282);
INSERT INTO public.questions (questions, program_id) VALUES ('     ?', 283);
INSERT INTO public.questions (questions, program_id) VALUES ('        ?', 283);
INSERT INTO public.questions (questions, program_id) VALUES ('    -   ?', 283);
INSERT INTO public.questions (questions, program_id) VALUES ('       ?', 283);
INSERT INTO public.questions (questions, program_id) VALUES ('            ?', 283);
INSERT INTO public.questions (questions, program_id) VALUES ('      - ,            ?', 289);
INSERT INTO public.questions (questions, program_id) VALUES ('           ,     ?', 289);
INSERT INTO public.questions (questions, program_id) VALUES ('          ,      , ,  ?', 289);
INSERT INTO public.questions (questions, program_id) VALUES ('             ?', 289);
INSERT INTO public.questions (questions, program_id) VALUES ('               , -   ?', 289);
INSERT INTO public.questions (questions, program_id) VALUES ('        ,   -    ?', 290);
INSERT INTO public.questions (questions, program_id) VALUES ('          - ?', 290);
INSERT INTO public.questions (questions, program_id) VALUES ('      -    ?', 290);
INSERT INTO public.questions (questions, program_id) VALUES ('           ?', 290);
INSERT INTO public.questions (questions, program_id) VALUES ('        (  , ,  ),       ?', 290);
INSERT INTO public.questions (questions, program_id) VALUES ('     , , ,      ..,      , ,   ,     ?', 291);
INSERT INTO public.questions (questions, program_id) VALUES ('    ,    ,   ?', 291);
INSERT INTO public.questions (questions, program_id) VALUES ('          ?', 291);
INSERT INTO public.questions (questions, program_id) VALUES ('       ,     ?', 291);
INSERT INTO public.questions (questions, program_id) VALUES ('     ,      ,    ?', 291);
INSERT INTO public.questions (questions, program_id) VALUES ('           ,   ?', 292);
INSERT INTO public.questions (questions, program_id) VALUES ('     ,     ( ,  ,  ,  ,  .)?', 292);
INSERT INTO public.questions (questions, program_id) VALUES ('      ?', 292);
INSERT INTO public.questions (questions, program_id) VALUES ('      ,       ?', 292);
INSERT INTO public.questions (questions, program_id) VALUES ('        ,  :    ,   ,      ?', 292);
INSERT INTO public.questions (questions, program_id) VALUES ('           ?', 293);
INSERT INTO public.questions (questions, program_id) VALUES ('       ?', 293);
INSERT INTO public.questions (questions, program_id) VALUES ('     ,     ?', 293);
INSERT INTO public.questions (questions, program_id) VALUES ('         ?', 293);
INSERT INTO public.questions (questions, program_id) VALUES ('          ?', 293);
INSERT INTO public.questions (questions, program_id) VALUES ('     ,   - ?', 301);
INSERT INTO public.questions (questions, program_id) VALUES ('     ,   -    ?', 301);
INSERT INTO public.questions (questions, program_id) VALUES ('            ?', 301);
INSERT INTO public.questions (questions, program_id) VALUES ('      ,   , , ,    , ,      ?', 301);
INSERT INTO public.questions (questions, program_id) VALUES ('       ?', 301);
INSERT INTO public.questions (questions, program_id) VALUES ('          ?', 243);
INSERT INTO public.questions (questions, program_id) VALUES ('       ,   ,  ,     ?', 302);
INSERT INTO public.questions (questions, program_id) VALUES ('              ?', 302);
INSERT INTO public.questions (questions, program_id) VALUES ('      ,   ?', 302);
INSERT INTO public.questions (questions, program_id) VALUES ('          ,      ?', 302);
INSERT INTO public.questions (questions, program_id) VALUES ('     ,     ?', 302);
INSERT INTO public.questions (questions, program_id) VALUES ('       ?', 303);
INSERT INTO public.questions (questions, program_id) VALUES ('     ?', 303);
INSERT INTO public.questions (questions, program_id) VALUES ('        ?', 303);
INSERT INTO public.questions (questions, program_id) VALUES ('      ?', 303);
INSERT INTO public.questions (questions, program_id) VALUES ('         ?', 304);
INSERT INTO public.questions (questions, program_id) VALUES ('         ,  ,      ?', 304);
INSERT INTO public.questions (questions, program_id) VALUES ('        ,     ?', 304);
INSERT INTO public.questions (questions, program_id) VALUES ('         ?', 304);
INSERT INTO public.questions (questions, program_id) VALUES ('       ,  ,     ?', 304);
INSERT INTO public.questions (questions, program_id) VALUES ('     ,   ,      ?', 305);
INSERT INTO public.questions (questions, program_id) VALUES ('     ,        ,   ,   ?', 305);
INSERT INTO public.questions (questions, program_id) VALUES ('       ,      ?', 305);
INSERT INTO public.questions (questions, program_id) VALUES ('     ,       ?', 305);
INSERT INTO public.questions (questions, program_id) VALUES ('          ?', 305);
INSERT INTO public.questions (questions, program_id) VALUES ('      (, ,  ),  , ,  ?', 306);
INSERT INTO public.questions (questions, program_id) VALUES ('       ,       ?', 306);
INSERT INTO public.questions (questions, program_id) VALUES ('           ?', 306);
INSERT INTO public.questions (questions, program_id) VALUES ('     ,  ,    ,      ?', 306);
INSERT INTO public.questions (questions, program_id) VALUES ('           ?', 306);
INSERT INTO public.questions (questions, program_id) VALUES ('     , ,     ,     ?', 307);
INSERT INTO public.questions (questions, program_id) VALUES ('         ,    ?', 307);
INSERT INTO public.questions (questions, program_id) VALUES ('           ,   ,        ?', 307);
INSERT INTO public.questions (questions, program_id) VALUES ('                     ?', 307);
INSERT INTO public.questions (questions, program_id) VALUES ('           3D-,     ?', 307);
INSERT INTO public.questions (questions, program_id) VALUES ('                (,  ,  ,   ..)?', 308);
INSERT INTO public.questions (questions, program_id) VALUES ('          ?', 308);
INSERT INTO public.questions (questions, program_id) VALUES ('       , , ,   ,     ?', 308);
INSERT INTO public.questions (questions, program_id) VALUES ('         ,       ?', 308);
INSERT INTO public.questions (questions, program_id) VALUES ('       :         , , ,   ?', 309);
INSERT INTO public.questions (questions, program_id) VALUES ('      :  , ,    ?', 309);
INSERT INTO public.questions (questions, program_id) VALUES ('      , , -  ?', 309);
INSERT INTO public.questions (questions, program_id) VALUES ('       ,       ?', 309);
INSERT INTO public.questions (questions, program_id) VALUES ('       :  ,  ,             ?', 309);
INSERT INTO public.questions (questions, program_id) VALUES ('       ?', 154);
INSERT INTO public.questions (questions, program_id) VALUES ('        ?', 154);
INSERT INTO public.questions (questions, program_id) VALUES ('         ?', 154);
INSERT INTO public.questions (questions, program_id) VALUES ('           ?', 154);
INSERT INTO public.questions (questions, program_id) VALUES ('          ?', 154);
INSERT INTO public.questions (questions, program_id) VALUES ('       ?', 153);
INSERT INTO public.questions (questions, program_id) VALUES ('          ?', 153);
INSERT INTO public.questions (questions, program_id) VALUES ('          ?', 153);
INSERT INTO public.questions (questions, program_id) VALUES ('   ,      ?', 153);
INSERT INTO public.questions (questions, program_id) VALUES ('         ?', 153);
INSERT INTO public.questions (questions, program_id) VALUES ('       ?', 152);
INSERT INTO public.questions (questions, program_id) VALUES ('       ?', 152);
INSERT INTO public.questions (questions, program_id) VALUES ('       ?', 152);
INSERT INTO public.questions (questions, program_id) VALUES ('         ?', 152);
INSERT INTO public.questions (questions, program_id) VALUES ('     ?', 151);
INSERT INTO public.questions (questions, program_id) VALUES ('         ?', 151);
INSERT INTO public.questions (questions, program_id) VALUES ('        ?', 151);
INSERT INTO public.questions (questions, program_id) VALUES ('             ?', 151);
INSERT INTO public.questions (questions, program_id) VALUES ('         ?', 151);
INSERT INTO public.questions (questions, program_id) VALUES ('        ?', 150);
INSERT INTO public.questions (questions, program_id) VALUES ('       ,             ?', 149);
INSERT INTO public.questions (questions, program_id) VALUES ('                  ?', 149);
INSERT INTO public.questions (questions, program_id) VALUES ('      ,         ?', 149);
INSERT INTO public.questions (questions, program_id) VALUES ('      ?', 150);
INSERT INTO public.questions (questions, program_id) VALUES ('            ?', 152);
INSERT INTO public.questions (questions, program_id) VALUES ('    ,    -    ?', 149);
INSERT INTO public.questions (questions, program_id) VALUES ('             ,   , -    ?', 149);
INSERT INTO public.questions (questions, program_id) VALUES ('          ,     (,  , ,  , ,    , )?', 148);
INSERT INTO public.questions (questions, program_id) VALUES ('      , ,      ?', 148);
INSERT INTO public.questions (questions, program_id) VALUES ('     ,   -  (, ,   ..)?', 148);
INSERT INTO public.questions (questions, program_id) VALUES ('          ,    ?', 148);
INSERT INTO public.questions (questions, program_id) VALUES ('         ?', 148);
INSERT INTO public.questions (questions, program_id) VALUES ('       ,       ?', 147);
INSERT INTO public.questions (questions, program_id) VALUES ('     //,    ?', 147);
INSERT INTO public.questions (questions, program_id) VALUES ('       ,       ?', 147);
INSERT INTO public.questions (questions, program_id) VALUES ('       ,      ,  ?', 147);
INSERT INTO public.questions (questions, program_id) VALUES ('          , , ,   ?', 147);
INSERT INTO public.questions (questions, program_id) VALUES ('         ,    ?', 146);
INSERT INTO public.questions (questions, program_id) VALUES ('      (  )  -     ?', 146);
INSERT INTO public.questions (questions, program_id) VALUES ('     , ,      ..?', 146);
INSERT INTO public.questions (questions, program_id) VALUES ('         ,     ?', 146);
INSERT INTO public.questions (questions, program_id) VALUES ('                ?', 146);
INSERT INTO public.questions (questions, program_id) VALUES ('       ?', 145);
INSERT INTO public.questions (questions, program_id) VALUES ('      ,      ?', 145);
INSERT INTO public.questions (questions, program_id) VALUES ('          ,  ,     ,      ,     ?', 145);
INSERT INTO public.questions (questions, program_id) VALUES ('          () ?', 144);
INSERT INTO public.questions (questions, program_id) VALUES ('      ,     ,         ?', 144);
INSERT INTO public.questions (questions, program_id) VALUES ('         (,   ..),        ?', 144);
INSERT INTO public.questions (questions, program_id) VALUES ('    -           ,  ?', 144);
INSERT INTO public.questions (questions, program_id) VALUES ('      -    ,     ?', 144);
INSERT INTO public.questions (questions, program_id) VALUES ('        (       )?', 143);
INSERT INTO public.questions (questions, program_id) VALUES ('        ?', 143);
INSERT INTO public.questions (questions, program_id) VALUES ('              ?', 143);
INSERT INTO public.questions (questions, program_id) VALUES ('         ,      ?', 143);
INSERT INTO public.questions (questions, program_id) VALUES ('               ?', 143);
INSERT INTO public.questions (questions, program_id) VALUES ('          ?', 142);
INSERT INTO public.questions (questions, program_id) VALUES ('         ,   ,  ?', 142);
INSERT INTO public.questions (questions, program_id) VALUES ('          ?', 142);
INSERT INTO public.questions (questions, program_id) VALUES ('       -     ?', 142);
INSERT INTO public.questions (questions, program_id) VALUES ('      ,    ?', 142);
INSERT INTO public.questions (questions, program_id) VALUES ('      ,       ,  ,     , ,     ,         - ?', 270);
INSERT INTO public.questions (questions, program_id) VALUES ('        ,         ?', 270);
INSERT INTO public.questions (questions, program_id) VALUES ('     ,     ,       ?', 156);
INSERT INTO public.questions (questions, program_id) VALUES ('           ?', 177);
INSERT INTO public.questions (questions, program_id) VALUES ('                 ,      ?', 206);
INSERT INTO public.questions (questions, program_id) VALUES ('         ,             ?', 209);
INSERT INTO public.questions (questions, program_id) VALUES ('                   ,   ?', 240);
INSERT INTO public.questions (questions, program_id) VALUES ('          ,           -  ?', 251);
INSERT INTO public.questions (questions, program_id) VALUES ('       ,  ,     (     )?', 253);
INSERT INTO public.questions (questions, program_id) VALUES ('                ,      - , -,  , ?', 261);
INSERT INTO public.questions (questions, program_id) VALUES ('    ,  , ,        ,     ?', 262);
INSERT INTO public.questions (questions, program_id) VALUES ('        (   ,  )  ?', 264);
INSERT INTO public.questions (questions, program_id) VALUES ('      , ,     ,  , ,  ?', 275);
INSERT INTO public.questions (questions, program_id) VALUES ('          ?', 276);
INSERT INTO public.questions (questions, program_id) VALUES ('        ,    ,   ,   ,    ?', 280);
INSERT INTO public.questions (questions, program_id) VALUES ('             ,           ?', 281);
INSERT INTO public.questions (questions, program_id) VALUES ('        ,     ?', 288);
INSERT INTO public.questions (questions, program_id) VALUES ('     , ,   ,  ,      ?', 288);
INSERT INTO public.questions (questions, program_id) VALUES ('         ?', 300);
INSERT INTO public.questions (questions, program_id) VALUES ('       , ,    ?', 310);
INSERT INTO public.questions (questions, program_id) VALUES ('              , ,    ?', 310);
INSERT INTO public.questions (questions, program_id) VALUES ('            ?', 310);
INSERT INTO public.questions (questions, program_id) VALUES ('                ?', 310);
INSERT INTO public.questions (questions, program_id) VALUES ('                ?', 310);
INSERT INTO public.questions (questions, program_id) VALUES ('       ,     ?', 170);
INSERT INTO public.questions (questions, program_id) VALUES ('    ,    ,     ?', 169);
INSERT INTO public.questions (questions, program_id) VALUES ('         ?', 164);
INSERT INTO public.questions (questions, program_id) VALUES ('      ,        ,     ?', 168);
INSERT INTO public.questions (questions, program_id) VALUES ('                ?', 164);
INSERT INTO public.questions (questions, program_id) VALUES ('    ,       ,      ?', 180);
INSERT INTO public.questions (questions, program_id) VALUES ('         ?', 245);
INSERT INTO public.questions (questions, program_id) VALUES ('     ,   ,      ?', 208);
INSERT INTO public.questions (questions, program_id) VALUES ('     ,     ?', 193);
INSERT INTO public.questions (questions, program_id) VALUES ('       ,       ?', 256);
INSERT INTO public.questions (questions, program_id) VALUES ('            ?', 178);
INSERT INTO public.questions (questions, program_id) VALUES ('             ?', 178);
INSERT INTO public.questions (questions, program_id) VALUES ('           ?', 193);
INSERT INTO public.questions (questions, program_id) VALUES ('   ?', 245);
INSERT INTO public.questions (questions, program_id) VALUES ('        ,          ?', 176);
INSERT INTO public.questions (questions, program_id) VALUES ('    ?', 255);
INSERT INTO public.questions (questions, program_id) VALUES ('    ?', 255);
INSERT INTO public.questions (questions, program_id) VALUES ('      ?', 256);
INSERT INTO public.questions (questions, program_id) VALUES ('   ? ', 243);
INSERT INTO public.questions (questions, program_id) VALUES ('        ?', 245);
INSERT INTO public.questions (questions, program_id) VALUES ('     ?', 245);
INSERT INTO public.questions (questions, program_id) VALUES ('         ?', 250);
INSERT INTO public.questions (questions, program_id) VALUES ('   ,        ,    ?', 255);
INSERT INTO public.questions (questions, program_id) VALUES ('         ?', 256);
INSERT INTO public.questions (questions, program_id) VALUES ('            ?', 180);
INSERT INTO public.questions (questions, program_id) VALUES ('     ?', 239);
INSERT INTO public.questions (questions, program_id) VALUES ('    ,     ?', 176);
INSERT INTO public.questions (questions, program_id) VALUES ('       (, , )   ?', 237);
INSERT INTO public.questions (questions, program_id) VALUES ('        ?', 178);
INSERT INTO public.questions (questions, program_id) VALUES ('         ?', 173);
INSERT INTO public.questions (questions, program_id) VALUES ('               ?', 178);
INSERT INTO public.questions (questions, program_id) VALUES ('            ?', 237);
INSERT INTO public.questions (questions, program_id) VALUES ('           ?', 168);
INSERT INTO public.questions (questions, program_id) VALUES ('     ?', 246);
INSERT INTO public.questions (questions, program_id) VALUES ('    ?', 242);
INSERT INTO public.questions (questions, program_id) VALUES ('         ?', 256);
INSERT INTO public.questions (questions, program_id) VALUES ('       ?', 150);
INSERT INTO public.questions (questions, program_id) VALUES ('         ?', 255);
INSERT INTO public.questions (questions, program_id) VALUES ('        ,   ?', 175);
INSERT INTO public.questions (questions, program_id) VALUES ('           ?', 256);
INSERT INTO public.questions (questions, program_id) VALUES ('       ?', 255);
INSERT INTO public.questions (questions, program_id) VALUES ('         ?', 237);
INSERT INTO public.questions (questions, program_id) VALUES ('            ?', 164);
INSERT INTO public.questions (questions, program_id) VALUES ('     ,         ?', 237);
INSERT INTO public.questions (questions, program_id) VALUES ('            ?', 170);
INSERT INTO public.questions (questions, program_id) VALUES ('               ,   ?', 167);
INSERT INTO public.questions (questions, program_id) VALUES ('         (, , )     ?', 156);
INSERT INTO public.questions (questions, program_id) VALUES ('         , ,    ?', 175);
INSERT INTO public.questions (questions, program_id) VALUES ('           ,     ?', 247);
INSERT INTO public.questions (questions, program_id) VALUES ('              ?', 150);
INSERT INTO public.questions (questions, program_id) VALUES ('              ?', 250);
INSERT INTO public.questions (questions, program_id) VALUES ('        ?', 242);
INSERT INTO public.questions (questions, program_id) VALUES ('          ?', 242);
INSERT INTO public.questions (questions, program_id) VALUES ('       - ?', 180);
INSERT INTO public.questions (questions, program_id) VALUES ('       ,     ?', 176);
INSERT INTO public.questions (questions, program_id) VALUES ('         ,       ?', 245);
INSERT INTO public.questions (questions, program_id) VALUES ('      ,    ?', 250);
INSERT INTO public.questions (questions, program_id) VALUES ('            ?', 242);
INSERT INTO public.questions (questions, program_id) VALUES ('            ?', 180);
INSERT INTO public.questions (questions, program_id) VALUES ('         ?', 250);
INSERT INTO public.questions (questions, program_id) VALUES ('       ,          ?', 176);
INSERT INTO public.questions (questions, program_id) VALUES ('            ?', 243);
INSERT INTO public.questions (questions, program_id) VALUES ('         ?', 167);
INSERT INTO public.questions (questions, program_id) VALUES ('       ,    ?', 167);
INSERT INTO public.questions (questions, program_id) VALUES ('             ,     ?', 165);
INSERT INTO public.questions (questions, program_id) VALUES ('       ?', 243);
INSERT INTO public.questions (questions, program_id) VALUES ('         ?', 242);
INSERT INTO public.questions (questions, program_id) VALUES ('       ?', 150);
INSERT INTO public.questions (questions, program_id) VALUES ('       ?', 246);
INSERT INTO public.questions (questions, program_id) VALUES ('          ,    ?', 303);
INSERT INTO public.questions (questions, program_id) VALUES ('     ,       ?', 211);
INSERT INTO public.questions (questions, program_id) VALUES ('   ,      ?', 211);
INSERT INTO public.questions (questions, program_id) VALUES ('     ,           ?', 211);
INSERT INTO public.questions (questions, program_id) VALUES ('      ,     ?', 211);
INSERT INTO public.questions (questions, program_id) VALUES ('    ,    ?', 212);
INSERT INTO public.questions (questions, program_id) VALUES ('      ,     ?', 212);
INSERT INTO public.questions (questions, program_id) VALUES ('             ?', 212);
INSERT INTO public.questions (questions, program_id) VALUES ('        ,   ?', 212);
INSERT INTO public.questions (questions, program_id) VALUES ('            ?', 212);
INSERT INTO public.questions (questions, program_id) VALUES ('       ?', 205);
INSERT INTO public.questions (questions, program_id) VALUES ('         ?', 205);
INSERT INTO public.questions (questions, program_id) VALUES ('         ?', 205);
INSERT INTO public.questions (questions, program_id) VALUES ('     ,     ?', 205);
INSERT INTO public.questions (questions, program_id) VALUES ('       ?', 205);
INSERT INTO public.questions (questions, program_id) VALUES ('     ,     ,      ,     ?', 249);
INSERT INTO public.questions (questions, program_id) VALUES ('     ,        , -,   -  ?', 249);
INSERT INTO public.questions (questions, program_id) VALUES ('     , ,      ?', 249);
INSERT INTO public.questions (questions, program_id) VALUES ('         ,  ,    ?', 249);
INSERT INTO public.questions (questions, program_id) VALUES ('       ,    ,   ,     ,   ?', 249);
INSERT INTO public.questions (questions, program_id) VALUES ('       ,             ,    ?', 313);
INSERT INTO public.questions (questions, program_id) VALUES ('         -   ?', 313);
INSERT INTO public.questions (questions, program_id) VALUES ('         ,   , ,     ?', 313);
INSERT INTO public.questions (questions, program_id) VALUES ('        ,    ,     ,          ?', 313);
INSERT INTO public.questions (questions, program_id) VALUES ('           ,    ?', 313);
INSERT INTO public.questions (questions, program_id) VALUES ('      ,   ,      ?', 211);
INSERT INTO public.questions (questions, program_id) VALUES ('      ,    ,    ?', 312);
INSERT INTO public.questions (questions, program_id) VALUES ('        ?', 312);
INSERT INTO public.questions (questions, program_id) VALUES ('    -, -  -      ?', 312);
INSERT INTO public.questions (questions, program_id) VALUES ('          ,  ,       ?', 312);
INSERT INTO public.questions (questions, program_id) VALUES ('               ?', 312);
INSERT INTO public.questions (questions, program_id) VALUES ('             ,    ?', 314);
INSERT INTO public.questions (questions, program_id) VALUES ('                ?', 314);
INSERT INTO public.questions (questions, program_id) VALUES ('      /    ,   ,     ?', 314);
INSERT INTO public.questions (questions, program_id) VALUES ('                ,   ,     ?', 314);
INSERT INTO public.questions (questions, program_id) VALUES ('        ,           ?', 314);
INSERT INTO public.questions (questions, program_id) VALUES ('          ?', 315);
INSERT INTO public.questions (questions, program_id) VALUES ('     ,          ?', 315);
INSERT INTO public.questions (questions, program_id) VALUES ('    ,    ,     ,  - ?', 315);
INSERT INTO public.questions (questions, program_id) VALUES ('    , , ,       ?', 315);
INSERT INTO public.questions (questions, program_id) VALUES ('      ,     ?', 315);
INSERT INTO public.questions (questions, program_id) VALUES ('        ,    ,  ,    ?', 316);
INSERT INTO public.questions (questions, program_id) VALUES ('       , ?', 316);
INSERT INTO public.questions (questions, program_id) VALUES ('        ,    ?', 316);
INSERT INTO public.questions (questions, program_id) VALUES ('        ,    ,   , ,    ?', 316);
INSERT INTO public.questions (questions, program_id) VALUES ('            ,        ?', 316);
INSERT INTO public.questions (questions, program_id) VALUES ('        ,    ,  ,    ?', 318);
INSERT INTO public.questions (questions, program_id) VALUES ('       , ?', 318);
INSERT INTO public.questions (questions, program_id) VALUES ('        ,    ?', 318);
INSERT INTO public.questions (questions, program_id) VALUES ('        ,    ,   , ,    ?', 318);
INSERT INTO public.questions (questions, program_id) VALUES ('            ,        ?', 318);
INSERT INTO public.questions (questions, program_id) VALUES ('               ?', 259);
INSERT INTO public.questions (questions, program_id) VALUES ('          ?', 259);
INSERT INTO public.questions (questions, program_id) VALUES ('             ,  -  - ?', 259);
INSERT INTO public.questions (questions, program_id) VALUES ('         -       ?', 259);
INSERT INTO public.questions (questions, program_id) VALUES ('            ,     ,     ()  ?', 259);
INSERT INTO public.questions (questions, program_id) VALUES ('      ,     ,     ,   ?', 268);
INSERT INTO public.questions (questions, program_id) VALUES ('         ,            ?', 279);
INSERT INTO public.questions (questions, program_id) VALUES ('      ,    -  ?', 279);
INSERT INTO public.questions (questions, program_id) VALUES ('       , , ,      ?', 279);
INSERT INTO public.questions (questions, program_id) VALUES ('     ()    ?', 279);
INSERT INTO public.questions (questions, program_id) VALUES ('               ?', 279);
INSERT INTO public.questions (questions, program_id) VALUES ('           ,      ?', 145);
INSERT INTO public.questions (questions, program_id) VALUES ('         ?', 145);


--
-- TOC entry 3406 (class 0 OID 16496)
-- Dependencies: 222
-- Data for Name: spo_profile; Type: TABLE DATA; Schema: public; Owner: postgres
--

INSERT INTO public.spo_profile (spo_id, profile_id, is_required, id) OVERRIDING SYSTEM VALUE VALUES (18, 1, false, 1);
INSERT INTO public.spo_profile (spo_id, profile_id, is_required, id) OVERRIDING SYSTEM VALUE VALUES (4, 1, false, 2);
INSERT INTO public.spo_profile (spo_id, profile_id, is_required, id) OVERRIDING SYSTEM VALUE VALUES (3, 1, false, 3);
INSERT INTO public.spo_profile (spo_id, profile_id, is_required, id) OVERRIDING SYSTEM VALUE VALUES (18, 2, false, 4);
INSERT INTO public.spo_profile (spo_id, profile_id, is_required, id) OVERRIDING SYSTEM VALUE VALUES (7, 2, false, 5);
INSERT INTO public.spo_profile (spo_id, profile_id, is_required, id) OVERRIDING SYSTEM VALUE VALUES (5, 2, false, 6);
INSERT INTO public.spo_profile (spo_id, profile_id, is_required, id) OVERRIDING SYSTEM VALUE VALUES (18, 3, false, 7);
INSERT INTO public.spo_profile (spo_id, profile_id, is_required, id) OVERRIDING SYSTEM VALUE VALUES (7, 3, false, 8);
INSERT INTO public.spo_profile (spo_id, profile_id, is_required, id) OVERRIDING SYSTEM VALUE VALUES (5, 3, false, 9);
INSERT INTO public.spo_profile (spo_id, profile_id, is_required, id) OVERRIDING SYSTEM VALUE VALUES (18, 4, false, 10);
INSERT INTO public.spo_profile (spo_id, profile_id, is_required, id) OVERRIDING SYSTEM VALUE VALUES (6, 4, false, 11);
INSERT INTO public.spo_profile (spo_id, profile_id, is_required, id) OVERRIDING SYSTEM VALUE VALUES (4, 4, false, 12);
INSERT INTO public.spo_profile (spo_id, profile_id, is_required, id) OVERRIDING SYSTEM VALUE VALUES (4, 5, false, 13);
INSERT INTO public.spo_profile (spo_id, profile_id, is_required, id) OVERRIDING SYSTEM VALUE VALUES (6, 5, false, 14);
INSERT INTO public.spo_profile (spo_id, profile_id, is_required, id) OVERRIDING SYSTEM VALUE VALUES (18, 5, false, 15);
INSERT INTO public.spo_profile (spo_id, profile_id, is_required, id) OVERRIDING SYSTEM VALUE VALUES (4, 6, false, 16);
INSERT INTO public.spo_profile (spo_id, profile_id, is_required, id) OVERRIDING SYSTEM VALUE VALUES (6, 6, false, 17);
INSERT INTO public.spo_profile (spo_id, profile_id, is_required, id) OVERRIDING SYSTEM VALUE VALUES (18, 6, false, 18);
INSERT INTO public.spo_profile (spo_id, profile_id, is_required, id) OVERRIDING SYSTEM VALUE VALUES (18, 7, false, 19);
INSERT INTO public.spo_profile (spo_id, profile_id, is_required, id) OVERRIDING SYSTEM VALUE VALUES (6, 7, false, 20);
INSERT INTO public.spo_profile (spo_id, profile_id, is_required, id) OVERRIDING SYSTEM VALUE VALUES (4, 7, false, 21);
INSERT INTO public.spo_profile (spo_id, profile_id, is_required, id) OVERRIDING SYSTEM VALUE VALUES (4, 8, false, 22);
INSERT INTO public.spo_profile (spo_id, profile_id, is_required, id) OVERRIDING SYSTEM VALUE VALUES (6, 8, false, 23);
INSERT INTO public.spo_profile (spo_id, profile_id, is_required, id) OVERRIDING SYSTEM VALUE VALUES (18, 8, false, 24);
INSERT INTO public.spo_profile (spo_id, profile_id, is_required, id) OVERRIDING SYSTEM VALUE VALUES (18, 9, false, 25);
INSERT INTO public.spo_profile (spo_id, profile_id, is_required, id) OVERRIDING SYSTEM VALUE VALUES (6, 9, false, 26);
INSERT INTO public.spo_profile (spo_id, profile_id, is_required, id) OVERRIDING SYSTEM VALUE VALUES (4, 9, false, 27);
INSERT INTO public.spo_profile (spo_id, profile_id, is_required, id) OVERRIDING SYSTEM VALUE VALUES (18, 10, false, 28);
INSERT INTO public.spo_profile (spo_id, profile_id, is_required, id) OVERRIDING SYSTEM VALUE VALUES (7, 10, false, 29);
INSERT INTO public.spo_profile (spo_id, profile_id, is_required, id) OVERRIDING SYSTEM VALUE VALUES (5, 10, false, 30);
INSERT INTO public.spo_profile (spo_id, profile_id, is_required, id) OVERRIDING SYSTEM VALUE VALUES (5, 11, false, 31);
INSERT INTO public.spo_profile (spo_id, profile_id, is_required, id) OVERRIDING SYSTEM VALUE VALUES (7, 11, false, 32);
INSERT INTO public.spo_profile (spo_id, profile_id, is_required, id) OVERRIDING SYSTEM VALUE VALUES (18, 11, false, 33);
INSERT INTO public.spo_profile (spo_id, profile_id, is_required, id) OVERRIDING SYSTEM VALUE VALUES (22, 12, false, 34);
INSERT INTO public.spo_profile (spo_id, profile_id, is_required, id) OVERRIDING SYSTEM VALUE VALUES (18, 12, false, 35);
INSERT INTO public.spo_profile (spo_id, profile_id, is_required, id) OVERRIDING SYSTEM VALUE VALUES (15, 12, false, 36);
INSERT INTO public.spo_profile (spo_id, profile_id, is_required, id) OVERRIDING SYSTEM VALUE VALUES (18, 13, false, 37);
INSERT INTO public.spo_profile (spo_id, profile_id, is_required, id) OVERRIDING SYSTEM VALUE VALUES (4, 13, false, 38);
INSERT INTO public.spo_profile (spo_id, profile_id, is_required, id) OVERRIDING SYSTEM VALUE VALUES (3, 13, false, 39);
INSERT INTO public.spo_profile (spo_id, profile_id, is_required, id) OVERRIDING SYSTEM VALUE VALUES (18, 14, false, 40);
INSERT INTO public.spo_profile (spo_id, profile_id, is_required, id) OVERRIDING SYSTEM VALUE VALUES (4, 14, false, 41);
INSERT INTO public.spo_profile (spo_id, profile_id, is_required, id) OVERRIDING SYSTEM VALUE VALUES (3, 14, false, 42);
INSERT INTO public.spo_profile (spo_id, profile_id, is_required, id) OVERRIDING SYSTEM VALUE VALUES (3, 15, false, 43);
INSERT INTO public.spo_profile (spo_id, profile_id, is_required, id) OVERRIDING SYSTEM VALUE VALUES (18, 15, false, 45);
INSERT INTO public.spo_profile (spo_id, profile_id, is_required, id) OVERRIDING SYSTEM VALUE VALUES (3, 16, false, 46);
INSERT INTO public.spo_profile (spo_id, profile_id, is_required, id) OVERRIDING SYSTEM VALUE VALUES (18, 16, false, 48);
INSERT INTO public.spo_profile (spo_id, profile_id, is_required, id) OVERRIDING SYSTEM VALUE VALUES (4, 15, false, 44);
INSERT INTO public.spo_profile (spo_id, profile_id, is_required, id) OVERRIDING SYSTEM VALUE VALUES (4, 16, false, 47);
INSERT INTO public.spo_profile (spo_id, profile_id, is_required, id) OVERRIDING SYSTEM VALUE VALUES (20, 17, false, 49);
INSERT INTO public.spo_profile (spo_id, profile_id, is_required, id) OVERRIDING SYSTEM VALUE VALUES (18, 17, false, 50);
INSERT INTO public.spo_profile (spo_id, profile_id, is_required, id) OVERRIDING SYSTEM VALUE VALUES (4, 17, false, 51);
INSERT INTO public.spo_profile (spo_id, profile_id, is_required, id) OVERRIDING SYSTEM VALUE VALUES (20, 18, false, 52);
INSERT INTO public.spo_profile (spo_id, profile_id, is_required, id) OVERRIDING SYSTEM VALUE VALUES (18, 18, false, 53);
INSERT INTO public.spo_profile (spo_id, profile_id, is_required, id) OVERRIDING SYSTEM VALUE VALUES (4, 18, false, 54);
INSERT INTO public.spo_profile (spo_id, profile_id, is_required, id) OVERRIDING SYSTEM VALUE VALUES (4, 19, false, 55);
INSERT INTO public.spo_profile (spo_id, profile_id, is_required, id) OVERRIDING SYSTEM VALUE VALUES (18, 19, false, 56);
INSERT INTO public.spo_profile (spo_id, profile_id, is_required, id) OVERRIDING SYSTEM VALUE VALUES (20, 19, false, 57);
INSERT INTO public.spo_profile (spo_id, profile_id, is_required, id) OVERRIDING SYSTEM VALUE VALUES (4, 20, false, 58);
INSERT INTO public.spo_profile (spo_id, profile_id, is_required, id) OVERRIDING SYSTEM VALUE VALUES (18, 20, false, 59);
INSERT INTO public.spo_profile (spo_id, profile_id, is_required, id) OVERRIDING SYSTEM VALUE VALUES (20, 20, false, 60);
INSERT INTO public.spo_profile (spo_id, profile_id, is_required, id) OVERRIDING SYSTEM VALUE VALUES (4, 21, false, 61);
INSERT INTO public.spo_profile (spo_id, profile_id, is_required, id) OVERRIDING SYSTEM VALUE VALUES (18, 21, false, 62);
INSERT INTO public.spo_profile (spo_id, profile_id, is_required, id) OVERRIDING SYSTEM VALUE VALUES (20, 21, false, 63);
INSERT INTO public.spo_profile (spo_id, profile_id, is_required, id) OVERRIDING SYSTEM VALUE VALUES (4, 22, false, 64);
INSERT INTO public.spo_profile (spo_id, profile_id, is_required, id) OVERRIDING SYSTEM VALUE VALUES (18, 22, false, 65);
INSERT INTO public.spo_profile (spo_id, profile_id, is_required, id) OVERRIDING SYSTEM VALUE VALUES (23, 22, false, 66);
INSERT INTO public.spo_profile (spo_id, profile_id, is_required, id) OVERRIDING SYSTEM VALUE VALUES (18, 23, false, 67);
INSERT INTO public.spo_profile (spo_id, profile_id, is_required, id) OVERRIDING SYSTEM VALUE VALUES (7, 23, false, 68);
INSERT INTO public.spo_profile (spo_id, profile_id, is_required, id) OVERRIDING SYSTEM VALUE VALUES (4, 23, false, 69);
INSERT INTO public.spo_profile (spo_id, profile_id, is_required, id) OVERRIDING SYSTEM VALUE VALUES (20, 24, false, 70);
INSERT INTO public.spo_profile (spo_id, profile_id, is_required, id) OVERRIDING SYSTEM VALUE VALUES (18, 24, false, 71);
INSERT INTO public.spo_profile (spo_id, profile_id, is_required, id) OVERRIDING SYSTEM VALUE VALUES (4, 24, false, 72);
INSERT INTO public.spo_profile (spo_id, profile_id, is_required, id) OVERRIDING SYSTEM VALUE VALUES (18, 25, false, 73);
INSERT INTO public.spo_profile (spo_id, profile_id, is_required, id) OVERRIDING SYSTEM VALUE VALUES (7, 25, false, 74);
INSERT INTO public.spo_profile (spo_id, profile_id, is_required, id) OVERRIDING SYSTEM VALUE VALUES (4, 25, false, 75);
INSERT INTO public.spo_profile (spo_id, profile_id, is_required, id) OVERRIDING SYSTEM VALUE VALUES (20, 26, false, 76);
INSERT INTO public.spo_profile (spo_id, profile_id, is_required, id) OVERRIDING SYSTEM VALUE VALUES (18, 26, false, 77);
INSERT INTO public.spo_profile (spo_id, profile_id, is_required, id) OVERRIDING SYSTEM VALUE VALUES (4, 26, false, 78);
INSERT INTO public.spo_profile (spo_id, profile_id, is_required, id) OVERRIDING SYSTEM VALUE VALUES (18, 27, false, 79);
INSERT INTO public.spo_profile (spo_id, profile_id, is_required, id) OVERRIDING SYSTEM VALUE VALUES (7, 27, false, 80);
INSERT INTO public.spo_profile (spo_id, profile_id, is_required, id) OVERRIDING SYSTEM VALUE VALUES (5, 27, false, 81);
INSERT INTO public.spo_profile (spo_id, profile_id, is_required, id) OVERRIDING SYSTEM VALUE VALUES (5, 28, false, 82);
INSERT INTO public.spo_profile (spo_id, profile_id, is_required, id) OVERRIDING SYSTEM VALUE VALUES (7, 28, false, 83);
INSERT INTO public.spo_profile (spo_id, profile_id, is_required, id) OVERRIDING SYSTEM VALUE VALUES (18, 28, false, 84);
INSERT INTO public.spo_profile (spo_id, profile_id, is_required, id) OVERRIDING SYSTEM VALUE VALUES (5, 29, false, 85);
INSERT INTO public.spo_profile (spo_id, profile_id, is_required, id) OVERRIDING SYSTEM VALUE VALUES (7, 29, false, 86);
INSERT INTO public.spo_profile (spo_id, profile_id, is_required, id) OVERRIDING SYSTEM VALUE VALUES (18, 29, false, 87);
INSERT INTO public.spo_profile (spo_id, profile_id, is_required, id) OVERRIDING SYSTEM VALUE VALUES (5, 30, false, 88);
INSERT INTO public.spo_profile (spo_id, profile_id, is_required, id) OVERRIDING SYSTEM VALUE VALUES (7, 30, false, 89);
INSERT INTO public.spo_profile (spo_id, profile_id, is_required, id) OVERRIDING SYSTEM VALUE VALUES (18, 30, false, 90);
INSERT INTO public.spo_profile (spo_id, profile_id, is_required, id) OVERRIDING SYSTEM VALUE VALUES (5, 31, false, 91);
INSERT INTO public.spo_profile (spo_id, profile_id, is_required, id) OVERRIDING SYSTEM VALUE VALUES (7, 31, false, 92);
INSERT INTO public.spo_profile (spo_id, profile_id, is_required, id) OVERRIDING SYSTEM VALUE VALUES (18, 31, false, 93);
INSERT INTO public.spo_profile (spo_id, profile_id, is_required, id) OVERRIDING SYSTEM VALUE VALUES (21, 32, false, 94);
INSERT INTO public.spo_profile (spo_id, profile_id, is_required, id) OVERRIDING SYSTEM VALUE VALUES (18, 32, false, 95);
INSERT INTO public.spo_profile (spo_id, profile_id, is_required, id) OVERRIDING SYSTEM VALUE VALUES (5, 32, false, 96);
INSERT INTO public.spo_profile (spo_id, profile_id, is_required, id) OVERRIDING SYSTEM VALUE VALUES (21, 33, false, 97);
INSERT INTO public.spo_profile (spo_id, profile_id, is_required, id) OVERRIDING SYSTEM VALUE VALUES (18, 33, false, 98);
INSERT INTO public.spo_profile (spo_id, profile_id, is_required, id) OVERRIDING SYSTEM VALUE VALUES (5, 33, false, 99);
INSERT INTO public.spo_profile (spo_id, profile_id, is_required, id) OVERRIDING SYSTEM VALUE VALUES (21, 34, false, 100);
INSERT INTO public.spo_profile (spo_id, profile_id, is_required, id) OVERRIDING SYSTEM VALUE VALUES (18, 34, false, 101);
INSERT INTO public.spo_profile (spo_id, profile_id, is_required, id) OVERRIDING SYSTEM VALUE VALUES (4, 34, false, 102);
INSERT INTO public.spo_profile (spo_id, profile_id, is_required, id) OVERRIDING SYSTEM VALUE VALUES (4, 35, false, 103);
INSERT INTO public.spo_profile (spo_id, profile_id, is_required, id) OVERRIDING SYSTEM VALUE VALUES (18, 35, false, 104);
INSERT INTO public.spo_profile (spo_id, profile_id, is_required, id) OVERRIDING SYSTEM VALUE VALUES (21, 35, false, 105);
INSERT INTO public.spo_profile (spo_id, profile_id, is_required, id) OVERRIDING SYSTEM VALUE VALUES (4, 36, false, 106);
INSERT INTO public.spo_profile (spo_id, profile_id, is_required, id) OVERRIDING SYSTEM VALUE VALUES (18, 36, false, 107);
INSERT INTO public.spo_profile (spo_id, profile_id, is_required, id) OVERRIDING SYSTEM VALUE VALUES (21, 36, false, 108);
INSERT INTO public.spo_profile (spo_id, profile_id, is_required, id) OVERRIDING SYSTEM VALUE VALUES (4, 37, false, 109);
INSERT INTO public.spo_profile (spo_id, profile_id, is_required, id) OVERRIDING SYSTEM VALUE VALUES (18, 37, false, 110);
INSERT INTO public.spo_profile (spo_id, profile_id, is_required, id) OVERRIDING SYSTEM VALUE VALUES (21, 37, false, 111);
INSERT INTO public.spo_profile (spo_id, profile_id, is_required, id) OVERRIDING SYSTEM VALUE VALUES (4, 38, false, 112);
INSERT INTO public.spo_profile (spo_id, profile_id, is_required, id) OVERRIDING SYSTEM VALUE VALUES (18, 38, false, 113);
INSERT INTO public.spo_profile (spo_id, profile_id, is_required, id) OVERRIDING SYSTEM VALUE VALUES (21, 38, false, 114);
INSERT INTO public.spo_profile (spo_id, profile_id, is_required, id) OVERRIDING SYSTEM VALUE VALUES (21, 39, false, 115);
INSERT INTO public.spo_profile (spo_id, profile_id, is_required, id) OVERRIDING SYSTEM VALUE VALUES (18, 39, false, 116);
INSERT INTO public.spo_profile (spo_id, profile_id, is_required, id) OVERRIDING SYSTEM VALUE VALUES (4, 39, false, 117);
INSERT INTO public.spo_profile (spo_id, profile_id, is_required, id) OVERRIDING SYSTEM VALUE VALUES (21, 40, false, 118);
INSERT INTO public.spo_profile (spo_id, profile_id, is_required, id) OVERRIDING SYSTEM VALUE VALUES (18, 40, false, 119);
INSERT INTO public.spo_profile (spo_id, profile_id, is_required, id) OVERRIDING SYSTEM VALUE VALUES (16, 40, false, 120);
INSERT INTO public.spo_profile (spo_id, profile_id, is_required, id) OVERRIDING SYSTEM VALUE VALUES (16, 41, false, 121);
INSERT INTO public.spo_profile (spo_id, profile_id, is_required, id) OVERRIDING SYSTEM VALUE VALUES (18, 41, false, 122);
INSERT INTO public.spo_profile (spo_id, profile_id, is_required, id) OVERRIDING SYSTEM VALUE VALUES (21, 41, false, 123);
INSERT INTO public.spo_profile (spo_id, profile_id, is_required, id) OVERRIDING SYSTEM VALUE VALUES (21, 42, false, 124);
INSERT INTO public.spo_profile (spo_id, profile_id, is_required, id) OVERRIDING SYSTEM VALUE VALUES (18, 42, false, 125);
INSERT INTO public.spo_profile (spo_id, profile_id, is_required, id) OVERRIDING SYSTEM VALUE VALUES (13, 42, false, 126);
INSERT INTO public.spo_profile (spo_id, profile_id, is_required, id) OVERRIDING SYSTEM VALUE VALUES (21, 43, false, 127);
INSERT INTO public.spo_profile (spo_id, profile_id, is_required, id) OVERRIDING SYSTEM VALUE VALUES (18, 43, false, 128);
INSERT INTO public.spo_profile (spo_id, profile_id, is_required, id) OVERRIDING SYSTEM VALUE VALUES (12, 43, false, 129);
INSERT INTO public.spo_profile (spo_id, profile_id, is_required, id) OVERRIDING SYSTEM VALUE VALUES (18, 44, false, 130);
INSERT INTO public.spo_profile (spo_id, profile_id, is_required, id) OVERRIDING SYSTEM VALUE VALUES (16, 44, false, 131);
INSERT INTO public.spo_profile (spo_id, profile_id, is_required, id) OVERRIDING SYSTEM VALUE VALUES (11, 44, false, 132);
INSERT INTO public.spo_profile (spo_id, profile_id, is_required, id) OVERRIDING SYSTEM VALUE VALUES (11, 45, false, 133);
INSERT INTO public.spo_profile (spo_id, profile_id, is_required, id) OVERRIDING SYSTEM VALUE VALUES (16, 45, false, 134);
INSERT INTO public.spo_profile (spo_id, profile_id, is_required, id) OVERRIDING SYSTEM VALUE VALUES (18, 45, false, 135);
INSERT INTO public.spo_profile (spo_id, profile_id, is_required, id) OVERRIDING SYSTEM VALUE VALUES (11, 46, false, 136);
INSERT INTO public.spo_profile (spo_id, profile_id, is_required, id) OVERRIDING SYSTEM VALUE VALUES (16, 46, false, 137);
INSERT INTO public.spo_profile (spo_id, profile_id, is_required, id) OVERRIDING SYSTEM VALUE VALUES (18, 46, false, 138);
INSERT INTO public.spo_profile (spo_id, profile_id, is_required, id) OVERRIDING SYSTEM VALUE VALUES (11, 47, false, 139);
INSERT INTO public.spo_profile (spo_id, profile_id, is_required, id) OVERRIDING SYSTEM VALUE VALUES (16, 47, false, 140);
INSERT INTO public.spo_profile (spo_id, profile_id, is_required, id) OVERRIDING SYSTEM VALUE VALUES (18, 47, false, 141);
INSERT INTO public.spo_profile (spo_id, profile_id, is_required, id) OVERRIDING SYSTEM VALUE VALUES (11, 48, false, 142);
INSERT INTO public.spo_profile (spo_id, profile_id, is_required, id) OVERRIDING SYSTEM VALUE VALUES (16, 48, false, 143);
INSERT INTO public.spo_profile (spo_id, profile_id, is_required, id) OVERRIDING SYSTEM VALUE VALUES (18, 48, false, 144);
INSERT INTO public.spo_profile (spo_id, profile_id, is_required, id) OVERRIDING SYSTEM VALUE VALUES (21, 49, false, 145);
INSERT INTO public.spo_profile (spo_id, profile_id, is_required, id) OVERRIDING SYSTEM VALUE VALUES (18, 49, false, 146);
INSERT INTO public.spo_profile (spo_id, profile_id, is_required, id) OVERRIDING SYSTEM VALUE VALUES (16, 49, false, 147);
INSERT INTO public.spo_profile (spo_id, profile_id, is_required, id) OVERRIDING SYSTEM VALUE VALUES (16, 50, false, 148);
INSERT INTO public.spo_profile (spo_id, profile_id, is_required, id) OVERRIDING SYSTEM VALUE VALUES (18, 50, false, 149);
INSERT INTO public.spo_profile (spo_id, profile_id, is_required, id) OVERRIDING SYSTEM VALUE VALUES (21, 50, false, 150);
INSERT INTO public.spo_profile (spo_id, profile_id, is_required, id) OVERRIDING SYSTEM VALUE VALUES (16, 51, false, 151);
INSERT INTO public.spo_profile (spo_id, profile_id, is_required, id) OVERRIDING SYSTEM VALUE VALUES (18, 51, false, 152);
INSERT INTO public.spo_profile (spo_id, profile_id, is_required, id) OVERRIDING SYSTEM VALUE VALUES (21, 51, false, 153);
INSERT INTO public.spo_profile (spo_id, profile_id, is_required, id) OVERRIDING SYSTEM VALUE VALUES (16, 52, false, 154);
INSERT INTO public.spo_profile (spo_id, profile_id, is_required, id) OVERRIDING SYSTEM VALUE VALUES (18, 52, false, 155);
INSERT INTO public.spo_profile (spo_id, profile_id, is_required, id) OVERRIDING SYSTEM VALUE VALUES (21, 52, false, 156);
INSERT INTO public.spo_profile (spo_id, profile_id, is_required, id) OVERRIDING SYSTEM VALUE VALUES (16, 53, false, 157);
INSERT INTO public.spo_profile (spo_id, profile_id, is_required, id) OVERRIDING SYSTEM VALUE VALUES (18, 53, false, 158);
INSERT INTO public.spo_profile (spo_id, profile_id, is_required, id) OVERRIDING SYSTEM VALUE VALUES (21, 53, false, 159);
INSERT INTO public.spo_profile (spo_id, profile_id, is_required, id) OVERRIDING SYSTEM VALUE VALUES (18, 54, false, 160);
INSERT INTO public.spo_profile (spo_id, profile_id, is_required, id) OVERRIDING SYSTEM VALUE VALUES (17, 54, false, 161);
INSERT INTO public.spo_profile (spo_id, profile_id, is_required, id) OVERRIDING SYSTEM VALUE VALUES (9, 54, false, 162);
INSERT INTO public.spo_profile (spo_id, profile_id, is_required, id) OVERRIDING SYSTEM VALUE VALUES (18, 55, false, 163);
INSERT INTO public.spo_profile (spo_id, profile_id, is_required, id) OVERRIDING SYSTEM VALUE VALUES (17, 55, false, 164);
INSERT INTO public.spo_profile (spo_id, profile_id, is_required, id) OVERRIDING SYSTEM VALUE VALUES (9, 55, false, 165);
INSERT INTO public.spo_profile (spo_id, profile_id, is_required, id) OVERRIDING SYSTEM VALUE VALUES (21, 56, false, 166);
INSERT INTO public.spo_profile (spo_id, profile_id, is_required, id) OVERRIDING SYSTEM VALUE VALUES (18, 56, false, 167);
INSERT INTO public.spo_profile (spo_id, profile_id, is_required, id) OVERRIDING SYSTEM VALUE VALUES (16, 56, false, 168);
INSERT INTO public.spo_profile (spo_id, profile_id, is_required, id) OVERRIDING SYSTEM VALUE VALUES (21, 57, false, 169);
INSERT INTO public.spo_profile (spo_id, profile_id, is_required, id) OVERRIDING SYSTEM VALUE VALUES (18, 57, false, 170);
INSERT INTO public.spo_profile (spo_id, profile_id, is_required, id) OVERRIDING SYSTEM VALUE VALUES (2, 57, false, 171);
INSERT INTO public.spo_profile (spo_id, profile_id, is_required, id) OVERRIDING SYSTEM VALUE VALUES (21, 58, false, 172);
INSERT INTO public.spo_profile (spo_id, profile_id, is_required, id) OVERRIDING SYSTEM VALUE VALUES (18, 58, false, 173);
INSERT INTO public.spo_profile (spo_id, profile_id, is_required, id) OVERRIDING SYSTEM VALUE VALUES (16, 58, false, 174);
INSERT INTO public.spo_profile (spo_id, profile_id, is_required, id) OVERRIDING SYSTEM VALUE VALUES (21, 59, false, 175);
INSERT INTO public.spo_profile (spo_id, profile_id, is_required, id) OVERRIDING SYSTEM VALUE VALUES (18, 59, false, 176);
INSERT INTO public.spo_profile (spo_id, profile_id, is_required, id) OVERRIDING SYSTEM VALUE VALUES (17, 59, false, 177);
INSERT INTO public.spo_profile (spo_id, profile_id, is_required, id) OVERRIDING SYSTEM VALUE VALUES (21, 60, false, 178);
INSERT INTO public.spo_profile (spo_id, profile_id, is_required, id) OVERRIDING SYSTEM VALUE VALUES (18, 60, false, 179);
INSERT INTO public.spo_profile (spo_id, profile_id, is_required, id) OVERRIDING SYSTEM VALUE VALUES (8, 60, false, 180);
INSERT INTO public.spo_profile (spo_id, profile_id, is_required, id) OVERRIDING SYSTEM VALUE VALUES (21, 61, false, 181);
INSERT INTO public.spo_profile (spo_id, profile_id, is_required, id) OVERRIDING SYSTEM VALUE VALUES (18, 61, false, 182);
INSERT INTO public.spo_profile (spo_id, profile_id, is_required, id) OVERRIDING SYSTEM VALUE VALUES (4, 61, false, 183);
INSERT INTO public.spo_profile (spo_id, profile_id, is_required, id) OVERRIDING SYSTEM VALUE VALUES (18, 62, false, 184);
INSERT INTO public.spo_profile (spo_id, profile_id, is_required, id) OVERRIDING SYSTEM VALUE VALUES (5, 62, false, 185);
INSERT INTO public.spo_profile (spo_id, profile_id, is_required, id) OVERRIDING SYSTEM VALUE VALUES (4, 62, false, 186);
INSERT INTO public.spo_profile (spo_id, profile_id, is_required, id) OVERRIDING SYSTEM VALUE VALUES (21, 63, false, 187);
INSERT INTO public.spo_profile (spo_id, profile_id, is_required, id) OVERRIDING SYSTEM VALUE VALUES (18, 63, false, 188);
INSERT INTO public.spo_profile (spo_id, profile_id, is_required, id) OVERRIDING SYSTEM VALUE VALUES (5, 63, false, 189);
INSERT INTO public.spo_profile (spo_id, profile_id, is_required, id) OVERRIDING SYSTEM VALUE VALUES (18, 64, false, 190);
INSERT INTO public.spo_profile (spo_id, profile_id, is_required, id) OVERRIDING SYSTEM VALUE VALUES (5, 64, false, 191);
INSERT INTO public.spo_profile (spo_id, profile_id, is_required, id) OVERRIDING SYSTEM VALUE VALUES (4, 64, false, 192);
INSERT INTO public.spo_profile (spo_id, profile_id, is_required, id) OVERRIDING SYSTEM VALUE VALUES (18, 65, false, 193);
INSERT INTO public.spo_profile (spo_id, profile_id, is_required, id) OVERRIDING SYSTEM VALUE VALUES (14, 65, false, 194);
INSERT INTO public.spo_profile (spo_id, profile_id, is_required, id) OVERRIDING SYSTEM VALUE VALUES (5, 65, false, 195);
INSERT INTO public.spo_profile (spo_id, profile_id, is_required, id) OVERRIDING SYSTEM VALUE VALUES (21, 66, false, 196);
INSERT INTO public.spo_profile (spo_id, profile_id, is_required, id) OVERRIDING SYSTEM VALUE VALUES (18, 66, false, 197);
INSERT INTO public.spo_profile (spo_id, profile_id, is_required, id) OVERRIDING SYSTEM VALUE VALUES (8, 66, false, 198);
INSERT INTO public.spo_profile (spo_id, profile_id, is_required, id) OVERRIDING SYSTEM VALUE VALUES (21, 67, false, 199);
INSERT INTO public.spo_profile (spo_id, profile_id, is_required, id) OVERRIDING SYSTEM VALUE VALUES (19, 67, false, 200);
INSERT INTO public.spo_profile (spo_id, profile_id, is_required, id) OVERRIDING SYSTEM VALUE VALUES (18, 67, false, 201);
INSERT INTO public.spo_profile (spo_id, profile_id, is_required, id) OVERRIDING SYSTEM VALUE VALUES (18, 68, false, 202);
INSERT INTO public.spo_profile (spo_id, profile_id, is_required, id) OVERRIDING SYSTEM VALUE VALUES (16, 68, false, 203);
INSERT INTO public.spo_profile (spo_id, profile_id, is_required, id) OVERRIDING SYSTEM VALUE VALUES (21, 68, false, 204);
INSERT INTO public.spo_profile (spo_id, profile_id, is_required, id) OVERRIDING SYSTEM VALUE VALUES (21, 69, false, 205);
INSERT INTO public.spo_profile (spo_id, profile_id, is_required, id) OVERRIDING SYSTEM VALUE VALUES (18, 69, false, 206);
INSERT INTO public.spo_profile (spo_id, profile_id, is_required, id) OVERRIDING SYSTEM VALUE VALUES (17, 69, false, 207);
INSERT INTO public.spo_profile (spo_id, profile_id, is_required, id) OVERRIDING SYSTEM VALUE VALUES (21, 70, false, 208);
INSERT INTO public.spo_profile (spo_id, profile_id, is_required, id) OVERRIDING SYSTEM VALUE VALUES (18, 70, false, 209);
INSERT INTO public.spo_profile (spo_id, profile_id, is_required, id) OVERRIDING SYSTEM VALUE VALUES (1, 70, false, 210);
INSERT INTO public.spo_profile (spo_id, profile_id, is_required, id) OVERRIDING SYSTEM VALUE VALUES (21, 71, false, 211);
INSERT INTO public.spo_profile (spo_id, profile_id, is_required, id) OVERRIDING SYSTEM VALUE VALUES (18, 71, false, 212);
INSERT INTO public.spo_profile (spo_id, profile_id, is_required, id) OVERRIDING SYSTEM VALUE VALUES (16, 71, false, 213);
INSERT INTO public.spo_profile (spo_id, profile_id, is_required, id) OVERRIDING SYSTEM VALUE VALUES (21, 72, false, 214);
INSERT INTO public.spo_profile (spo_id, profile_id, is_required, id) OVERRIDING SYSTEM VALUE VALUES (18, 72, false, 215);
INSERT INTO public.spo_profile (spo_id, profile_id, is_required, id) OVERRIDING SYSTEM VALUE VALUES (10, 72, false, 216);
INSERT INTO public.spo_profile (spo_id, profile_id, is_required, id) OVERRIDING SYSTEM VALUE VALUES (21, 73, false, 217);
INSERT INTO public.spo_profile (spo_id, profile_id, is_required, id) OVERRIDING SYSTEM VALUE VALUES (18, 73, false, 218);
INSERT INTO public.spo_profile (spo_id, profile_id, is_required, id) OVERRIDING SYSTEM VALUE VALUES (16, 73, false, 219);
INSERT INTO public.spo_profile (spo_id, profile_id, is_required, id) OVERRIDING SYSTEM VALUE VALUES (21, 74, false, 220);
INSERT INTO public.spo_profile (spo_id, profile_id, is_required, id) OVERRIDING SYSTEM VALUE VALUES (18, 74, false, 221);
INSERT INTO public.spo_profile (spo_id, profile_id, is_required, id) OVERRIDING SYSTEM VALUE VALUES (6, 74, false, 222);
INSERT INTO public.spo_profile (spo_id, profile_id, is_required, id) OVERRIDING SYSTEM VALUE VALUES (21, 75, false, 223);
INSERT INTO public.spo_profile (spo_id, profile_id, is_required, id) OVERRIDING SYSTEM VALUE VALUES (18, 75, false, 224);
INSERT INTO public.spo_profile (spo_id, profile_id, is_required, id) OVERRIDING SYSTEM VALUE VALUES (5, 75, false, 225);
INSERT INTO public.spo_profile (spo_id, profile_id, is_required, id) OVERRIDING SYSTEM VALUE VALUES (21, 76, false, 226);
INSERT INTO public.spo_profile (spo_id, profile_id, is_required, id) OVERRIDING SYSTEM VALUE VALUES (18, 76, false, 227);
INSERT INTO public.spo_profile (spo_id, profile_id, is_required, id) OVERRIDING SYSTEM VALUE VALUES (4, 76, false, 228);
INSERT INTO public.spo_profile (spo_id, profile_id, is_required, id) OVERRIDING SYSTEM VALUE VALUES (21, 77, false, 229);
INSERT INTO public.spo_profile (spo_id, profile_id, is_required, id) OVERRIDING SYSTEM VALUE VALUES (18, 77, false, 230);
INSERT INTO public.spo_profile (spo_id, profile_id, is_required, id) OVERRIDING SYSTEM VALUE VALUES (17, 77, false, 231);
INSERT INTO public.spo_profile (spo_id, profile_id, is_required, id) OVERRIDING SYSTEM VALUE VALUES (21, 78, false, 232);
INSERT INTO public.spo_profile (spo_id, profile_id, is_required, id) OVERRIDING SYSTEM VALUE VALUES (18, 78, false, 233);
INSERT INTO public.spo_profile (spo_id, profile_id, is_required, id) OVERRIDING SYSTEM VALUE VALUES (1, 78, false, 234);
INSERT INTO public.spo_profile (spo_id, profile_id, is_required, id) OVERRIDING SYSTEM VALUE VALUES (18, 79, false, 235);
INSERT INTO public.spo_profile (spo_id, profile_id, is_required, id) OVERRIDING SYSTEM VALUE VALUES (4, 79, false, 236);
INSERT INTO public.spo_profile (spo_id, profile_id, is_required, id) OVERRIDING SYSTEM VALUE VALUES (3, 79, false, 237);
INSERT INTO public.spo_profile (spo_id, profile_id, is_required, id) OVERRIDING SYSTEM VALUE VALUES (21, 80, false, 238);
INSERT INTO public.spo_profile (spo_id, profile_id, is_required, id) OVERRIDING SYSTEM VALUE VALUES (18, 80, false, 239);
INSERT INTO public.spo_profile (spo_id, profile_id, is_required, id) OVERRIDING SYSTEM VALUE VALUES (1, 80, false, 240);
INSERT INTO public.spo_profile (spo_id, profile_id, is_required, id) OVERRIDING SYSTEM VALUE VALUES (21, 81, false, 241);
INSERT INTO public.spo_profile (spo_id, profile_id, is_required, id) OVERRIDING SYSTEM VALUE VALUES (18, 81, false, 242);
INSERT INTO public.spo_profile (spo_id, profile_id, is_required, id) OVERRIDING SYSTEM VALUE VALUES (16, 81, false, 243);
INSERT INTO public.spo_profile (spo_id, profile_id, is_required, id) OVERRIDING SYSTEM VALUE VALUES (21, 82, false, 244);
INSERT INTO public.spo_profile (spo_id, profile_id, is_required, id) OVERRIDING SYSTEM VALUE VALUES (18, 82, false, 245);
INSERT INTO public.spo_profile (spo_id, profile_id, is_required, id) OVERRIDING SYSTEM VALUE VALUES (16, 82, false, 246);
INSERT INTO public.spo_profile (spo_id, profile_id, is_required, id) OVERRIDING SYSTEM VALUE VALUES (9, 83, false, 247);
INSERT INTO public.spo_profile (spo_id, profile_id, is_required, id) OVERRIDING SYSTEM VALUE VALUES (1, 83, false, 248);
INSERT INTO public.spo_profile (spo_id, profile_id, is_required, id) OVERRIDING SYSTEM VALUE VALUES (14, 83, false, 249);
INSERT INTO public.spo_profile (spo_id, profile_id, is_required, id) OVERRIDING SYSTEM VALUE VALUES (22, 84, false, 250);
INSERT INTO public.spo_profile (spo_id, profile_id, is_required, id) OVERRIDING SYSTEM VALUE VALUES (18, 84, false, 251);
INSERT INTO public.spo_profile (spo_id, profile_id, is_required, id) OVERRIDING SYSTEM VALUE VALUES (15, 84, false, 252);
INSERT INTO public.spo_profile (spo_id, profile_id, is_required, id) OVERRIDING SYSTEM VALUE VALUES (21, 85, false, 253);
INSERT INTO public.spo_profile (spo_id, profile_id, is_required, id) OVERRIDING SYSTEM VALUE VALUES (18, 85, false, 254);
INSERT INTO public.spo_profile (spo_id, profile_id, is_required, id) OVERRIDING SYSTEM VALUE VALUES (16, 85, false, 255);


--
-- TOC entry 3400 (class 0 OID 16409)
-- Dependencies: 216
-- Data for Name: subjects; Type: TABLE DATA; Schema: public; Owner: postgres
--

INSERT INTO public.subjects (subject, program_id) VALUES (',  ,  /  /   / ', 155);
INSERT INTO public.subjects (subject, program_id) VALUES (',  ,  /  /   / ', 156);
INSERT INTO public.subjects (subject, program_id) VALUES (',  ,  /  /   / ', 158);
INSERT INTO public.subjects (subject, program_id) VALUES (',  ,  /  /   / ', 159);
INSERT INTO public.subjects (subject, program_id) VALUES (',  ,  /  /   /  /  /  / ', 160);
INSERT INTO public.subjects (subject, program_id) VALUES (',  ,  /  /   /  / ', 161);
INSERT INTO public.subjects (subject, program_id) VALUES (',  ,  /  /   / ', 162);
INSERT INTO public.subjects (subject, program_id) VALUES (',  ,  /  /   / ', 163);
INSERT INTO public.subjects (subject, program_id) VALUES (',  ,  /  /   / ', 164);
INSERT INTO public.subjects (subject, program_id) VALUES (',  ,  /  /   / ', 165);
INSERT INTO public.subjects (subject, program_id) VALUES (',  ,  /  /   / ', 166);
INSERT INTO public.subjects (subject, program_id) VALUES (',  ,  /  /   /  / ', 167);
INSERT INTO public.subjects (subject, program_id) VALUES (',  ,  /  / ', 168);
INSERT INTO public.subjects (subject, program_id) VALUES (',  ,   / ', 169);
INSERT INTO public.subjects (subject, program_id) VALUES (',  ,   / ', 170);
INSERT INTO public.subjects (subject, program_id) VALUES (',  ,  /   / ', 171);
INSERT INTO public.subjects (subject, program_id) VALUES (',  ,   / ', 172);
INSERT INTO public.subjects (subject, program_id) VALUES (',  ,  /  / ', 173);
INSERT INTO public.subjects (subject, program_id) VALUES (',  ,  /  /   /  /  / ', 174);
INSERT INTO public.subjects (subject, program_id) VALUES (',  ,  /  /   /  /  / ', 175);
INSERT INTO public.subjects (subject, program_id) VALUES (',  ,  /   /  /  / ', 176);
INSERT INTO public.subjects (subject, program_id) VALUES (',  ,  /  /   /  / ', 177);
INSERT INTO public.subjects (subject, program_id) VALUES (',  ,  / ', 178);
INSERT INTO public.subjects (subject, program_id) VALUES (',  ,  /  /  /   /  / ', 179);
INSERT INTO public.subjects (subject, program_id) VALUES (',  ,  /  /  /   /  / ', 180);
INSERT INTO public.subjects (subject, program_id) VALUES (',  ,  /   /  / ', 181);
INSERT INTO public.subjects (subject, program_id) VALUES (',  ,  /   /  / ', 182);
INSERT INTO public.subjects (subject, program_id) VALUES (',  ,  /   /  / ', 184);
INSERT INTO public.subjects (subject, program_id) VALUES (',  ,  /   /  / ', 185);
INSERT INTO public.subjects (subject, program_id) VALUES (',  ,  /  /  /  /  ', 186);
INSERT INTO public.subjects (subject, program_id) VALUES (',  ,  /  /  /  ', 187);
INSERT INTO public.subjects (subject, program_id) VALUES (',  ,  /  /  /  ', 188);
INSERT INTO public.subjects (subject, program_id) VALUES (',  ,  /  /  /  ', 189);
INSERT INTO public.subjects (subject, program_id) VALUES (',  ,  /  /  /  ', 190);
INSERT INTO public.subjects (subject, program_id) VALUES (',  ,  /  /  /   / ', 191);
INSERT INTO public.subjects (subject, program_id) VALUES (',  ,  /  /  /  ', 192);
INSERT INTO public.subjects (subject, program_id) VALUES (',  ,  /  /  /   /  / ', 192);
INSERT INTO public.subjects (subject, program_id) VALUES (',  ,  /  /  /  ', 193);
INSERT INTO public.subjects (subject, program_id) VALUES (',  ,  /  /  /  ', 194);
INSERT INTO public.subjects (subject, program_id) VALUES (',  ,  /  /  /   /  /  / ', 195);
INSERT INTO public.subjects (subject, program_id) VALUES (',  ,  /  /  /  ', 196);
INSERT INTO public.subjects (subject, program_id) VALUES (',  ,  /  /  /  ', 197);
INSERT INTO public.subjects (subject, program_id) VALUES (',  ,  /  /  /  ', 198);
INSERT INTO public.subjects (subject, program_id) VALUES (',  ,  /  /  /  ', 199);
INSERT INTO public.subjects (subject, program_id) VALUES (',  ,  /  /  /   / ', 200);
INSERT INTO public.subjects (subject, program_id) VALUES (',  ,  /  /  /   / ', 201);
INSERT INTO public.subjects (subject, program_id) VALUES (',  ,  /  /  /   /  / ', 202);
INSERT INTO public.subjects (subject, program_id) VALUES (',  ,  /  /  /   / ', 203);
INSERT INTO public.subjects (subject, program_id) VALUES (',  ,  /  /  /   /  / ', 204);
INSERT INTO public.subjects (subject, program_id) VALUES (',  ,  /  /  /   /  /  / ', 205);
INSERT INTO public.subjects (subject, program_id) VALUES (',  ,  /  /  /   /  /  / ', 206);
INSERT INTO public.subjects (subject, program_id) VALUES (',  ,  /  /  /   / ', 207);
INSERT INTO public.subjects (subject, program_id) VALUES (',  ,  /  /  /   /  /  / ', 208);
INSERT INTO public.subjects (subject, program_id) VALUES (',  ,  /  /  /   /  / ', 209);
INSERT INTO public.subjects (subject, program_id) VALUES (',  ,  /  /  /   / ', 210);
INSERT INTO public.subjects (subject, program_id) VALUES (',  ,  /  /  /   /  /  / ', 211);
INSERT INTO public.subjects (subject, program_id) VALUES (',  ,  /  /  /  ', 213);
INSERT INTO public.subjects (subject, program_id) VALUES (',  ,  /  /  /  ', 214);
INSERT INTO public.subjects (subject, program_id) VALUES (',  ,  /  /  /  ', 215);
INSERT INTO public.subjects (subject, program_id) VALUES (',  ,  / ', 216);
INSERT INTO public.subjects (subject, program_id) VALUES (',  ,  /  /  /   /  / ', 217);
INSERT INTO public.subjects (subject, program_id) VALUES (',  ,  /  /  /   / ', 218);
INSERT INTO public.subjects (subject, program_id) VALUES (',  ,  /  /  /  ', 219);
INSERT INTO public.subjects (subject, program_id) VALUES (',  ,  /  /  /  ', 220);
INSERT INTO public.subjects (subject, program_id) VALUES (',  ,  /  /  /   /  / ', 221);
INSERT INTO public.subjects (subject, program_id) VALUES (',  ,  /  /  /  ', 222);
INSERT INTO public.subjects (subject, program_id) VALUES (',  ,  /  /  /  ', 223);
INSERT INTO public.subjects (subject, program_id) VALUES (',  ,  /  /  /   / ', 224);
INSERT INTO public.subjects (subject, program_id) VALUES (',  ,  /  /  /   / ', 225);
INSERT INTO public.subjects (subject, program_id) VALUES (',  ,  /  /   / ', 226);
INSERT INTO public.subjects (subject, program_id) VALUES (',  ,  /  /  /   / ', 227);
INSERT INTO public.subjects (subject, program_id) VALUES (',  ,  /  /  /   / ', 228);
INSERT INTO public.subjects (subject, program_id) VALUES (',  ,  /  /  /   / ', 229);
INSERT INTO public.subjects (subject, program_id) VALUES (',  ,  /  /  /   /  / ', 230);
INSERT INTO public.subjects (subject, program_id) VALUES (',  ,  /  /  /   /  / ', 231);
INSERT INTO public.subjects (subject, program_id) VALUES (',  ,  /  /  /   /  / ', 232);
INSERT INTO public.subjects (subject, program_id) VALUES (' ,  /  / ', 233);
INSERT INTO public.subjects (subject, program_id) VALUES (',  ,  /  /  /   / ', 234);
INSERT INTO public.subjects (subject, program_id) VALUES (',  ,  /  /  /   / ', 235);
INSERT INTO public.subjects (subject, program_id) VALUES (',  ,  /  /  /   /  / ', 236);
INSERT INTO public.subjects (subject, program_id) VALUES (',  ,  /  /  /   /  / ', 237);
INSERT INTO public.subjects (subject, program_id) VALUES (',  ,  /  /  /   /  / ', 238);
INSERT INTO public.subjects (subject, program_id) VALUES (',  ,  /  /  /   /  / ', 239);
INSERT INTO public.subjects (subject, program_id) VALUES (',  ,  /  /  /   /  / ', 240);
INSERT INTO public.subjects (subject, program_id) VALUES (',  ,  /  /   /  / ', 241);
INSERT INTO public.subjects (subject, program_id) VALUES (',  ,  /  /  /   /  / ', 242);
INSERT INTO public.subjects (subject, program_id) VALUES (',  ,  /  /  /  ', 243);
INSERT INTO public.subjects (subject, program_id) VALUES (',  ,  /  /  /   /  / ', 244);
INSERT INTO public.subjects (subject, program_id) VALUES (',  ,  /   / ', 246);
INSERT INTO public.subjects (subject, program_id) VALUES (',  ,  /   / ', 247);
INSERT INTO public.subjects (subject, program_id) VALUES (',  ,  /   /  / ', 248);
INSERT INTO public.subjects (subject, program_id) VALUES (',  ,  /   /  /  / ', 249);
INSERT INTO public.subjects (subject, program_id) VALUES (',  ,  /  /  /   / ', 250);
INSERT INTO public.subjects (subject, program_id) VALUES (',  ,  / ', 251);
INSERT INTO public.subjects (subject, program_id) VALUES (',  ,  /  /  /   / ', 252);
INSERT INTO public.subjects (subject, program_id) VALUES (',  ,  /   /  /  / ', 253);
INSERT INTO public.subjects (subject, program_id) VALUES (',  ,  /   /  /  /  / ', 254);
INSERT INTO public.subjects (subject, program_id) VALUES (',  ,   /  /  / ', 255);
INSERT INTO public.subjects (subject, program_id) VALUES (',  ,   /  /  / ', 256);
INSERT INTO public.subjects (subject, program_id) VALUES (',  ,   /  /  /  /  / ', 257);
INSERT INTO public.subjects (subject, program_id) VALUES (',  ,   /  /  / ', 258);
INSERT INTO public.subjects (subject, program_id) VALUES (' ,  /  / ', 259);
INSERT INTO public.subjects (subject, program_id) VALUES (' ,  /  /  /  ', 260);
INSERT INTO public.subjects (subject, program_id) VALUES (' ,  /  /  /  ', 261);
INSERT INTO public.subjects (subject, program_id) VALUES (' ,  /  /  /  ', 262);
INSERT INTO public.subjects (subject, program_id) VALUES (' ,  /  /  /   / ', 263);
INSERT INTO public.subjects (subject, program_id) VALUES (' ,  /  /  /   /  / ', 264);
INSERT INTO public.subjects (subject, program_id) VALUES (' ,  /  /  /   /  /  / ', 265);
INSERT INTO public.subjects (subject, program_id) VALUES (' ,  /   /  /  / ', 266);
INSERT INTO public.subjects (subject, program_id) VALUES (' ,  /   /  /  / ', 267);
INSERT INTO public.subjects (subject, program_id) VALUES (' ,  /   /  /  / ', 268);
INSERT INTO public.subjects (subject, program_id) VALUES (',  ,  /   /  /  /  /  /  / ', 269);
INSERT INTO public.subjects (subject, program_id) VALUES (',  ,  /   /  /  /  /  /  / ', 270);
INSERT INTO public.subjects (subject, program_id) VALUES (',  ,  /   /  /  /  /  / ', 271);
INSERT INTO public.subjects (subject, program_id) VALUES (',  ,  /   /  /  /  /  /  / ', 272);
INSERT INTO public.subjects (subject, program_id) VALUES ('    ,    ', 273);
INSERT INTO public.subjects (subject, program_id) VALUES (',  ,  /   /  /  /  /  /  / ', 274);
INSERT INTO public.subjects (subject, program_id) VALUES (' ,  /   /  /  / ', 275);
INSERT INTO public.subjects (subject, program_id) VALUES (' ,  /   /  /  / ', 276);
INSERT INTO public.subjects (subject, program_id) VALUES (' ,  /   /  /  /  / ', 277);
INSERT INTO public.subjects (subject, program_id) VALUES (',  ,   / ', 278);
INSERT INTO public.subjects (subject, program_id) VALUES (',  ,   / ', 279);
INSERT INTO public.subjects (subject, program_id) VALUES ('  - ', 280);
INSERT INTO public.subjects (subject, program_id) VALUES (' ,   /  /  / ', 281);
INSERT INTO public.subjects (subject, program_id) VALUES (' ,   /  /  / ', 282);
INSERT INTO public.subjects (subject, program_id) VALUES (' ,   /  /  / ', 283);
INSERT INTO public.subjects (subject, program_id) VALUES (' ,   /  /  /  / ', 284);
INSERT INTO public.subjects (subject, program_id) VALUES (',  ,   /  /  / ', 285);
INSERT INTO public.subjects (subject, program_id) VALUES (',  ,   /  /  / ', 286);
INSERT INTO public.subjects (subject, program_id) VALUES (' ,   /  / ', 287);
INSERT INTO public.subjects (subject, program_id) VALUES (' ,   /  /  /  / ', 288);
INSERT INTO public.subjects (subject, program_id) VALUES (' ,   /  /  /  / ', 289);
INSERT INTO public.subjects (subject, program_id) VALUES (' ,  /  /  / ', 290);
INSERT INTO public.subjects (subject, program_id) VALUES (' ,   /  /  /  / ', 291);
INSERT INTO public.subjects (subject, program_id) VALUES (' ,   /  /  /  / ', 292);
INSERT INTO public.subjects (subject, program_id) VALUES (' ,   /  /  /  / ', 293);
INSERT INTO public.subjects (subject, program_id) VALUES (' ,   /  /  /  / ', 294);
INSERT INTO public.subjects (subject, program_id) VALUES (' , , ', 295);
INSERT INTO public.subjects (subject, program_id) VALUES (' , , ', 296);
INSERT INTO public.subjects (subject, program_id) VALUES (' , , ', 297);
INSERT INTO public.subjects (subject, program_id) VALUES (' , , ', 298);
INSERT INTO public.subjects (subject, program_id) VALUES (' , , ', 299);
INSERT INTO public.subjects (subject, program_id) VALUES (' ,   /  /  /  / ', 300);
INSERT INTO public.subjects (subject, program_id) VALUES (' ,   /  /  /  / ', 301);
INSERT INTO public.subjects (subject, program_id) VALUES (' ,   /  /  /  / ', 302);
INSERT INTO public.subjects (subject, program_id) VALUES (' ,  /  /  / ', 303);
INSERT INTO public.subjects (subject, program_id) VALUES (' ,  /  /  / ', 304);
INSERT INTO public.subjects (subject, program_id) VALUES (' , , ', 305);
INSERT INTO public.subjects (subject, program_id) VALUES (' ,   /  / ', 306);
INSERT INTO public.subjects (subject, program_id) VALUES (' ,   /  / ', 307);
INSERT INTO public.subjects (subject, program_id) VALUES (' ,   /  / ', 308);
INSERT INTO public.subjects (subject, program_id) VALUES (' , , ', 309);
INSERT INTO public.subjects (subject, program_id) VALUES (',  ,   /  /  / ', 151);
INSERT INTO public.subjects (subject, program_id) VALUES (',  ,   /  /  /  /  / ', 154);
INSERT INTO public.subjects (subject, program_id) VALUES (',  ,   /  /  / ', 152);
INSERT INTO public.subjects (subject, program_id) VALUES (',  ,   /  / ', 153);
INSERT INTO public.subjects (subject, program_id) VALUES (',  ,   /  /  /  /  / ', 310);


--
-- TOC entry 3403 (class 0 OID 16467)
-- Dependencies: 219
-- Data for Name: subjects_ege; Type: TABLE DATA; Schema: public; Owner: postgres
--

INSERT INTO public.subjects_ege (id, name) VALUES (11, '');
INSERT INTO public.subjects_ege (id, name) VALUES (10, '');
INSERT INTO public.subjects_ege (id, name) VALUES (9, ' ');
INSERT INTO public.subjects_ege (id, name) VALUES (8, '');
INSERT INTO public.subjects_ege (id, name) VALUES (7, '');
INSERT INTO public.subjects_ege (id, name) VALUES (6, '');
INSERT INTO public.subjects_ege (id, name) VALUES (5, '');
INSERT INTO public.subjects_ege (id, name) VALUES (4, '  ');
INSERT INTO public.subjects_ege (id, name) VALUES (3, ' ');
INSERT INTO public.subjects_ege (id, name) VALUES (2, '');
INSERT INTO public.subjects_ege (id, name) VALUES (1, '');
INSERT INTO public.subjects_ege (id, name) VALUES (12, '');
INSERT INTO public.subjects_ege (id, name) VALUES (13, ' ');
INSERT INTO public.subjects_ege (id, name) VALUES (14, ' ');
INSERT INTO public.subjects_ege (id, name) VALUES (15, ' ');


--
-- TOC entry 3405 (class 0 OID 16489)
-- Dependencies: 221
-- Data for Name: subjects_spo; Type: TABLE DATA; Schema: public; Owner: postgres
--

INSERT INTO public.subjects_spo (id, name) OVERRIDING SYSTEM VALUE VALUES (1, '     ()');
INSERT INTO public.subjects_spo (id, name) OVERRIDING SYSTEM VALUE VALUES (2, ' ');
INSERT INTO public.subjects_spo (id, name) OVERRIDING SYSTEM VALUE VALUES (3, ' ');
INSERT INTO public.subjects_spo (id, name) OVERRIDING SYSTEM VALUE VALUES (4, '   ');
INSERT INTO public.subjects_spo (id, name) OVERRIDING SYSTEM VALUE VALUES (5, ' ');
INSERT INTO public.subjects_spo (id, name) OVERRIDING SYSTEM VALUE VALUES (6, ' ');
INSERT INTO public.subjects_spo (id, name) OVERRIDING SYSTEM VALUE VALUES (7, ' ');
INSERT INTO public.subjects_spo (id, name) OVERRIDING SYSTEM VALUE VALUES (8, ' ');
INSERT INTO public.subjects_spo (id, name) OVERRIDING SYSTEM VALUE VALUES (9, ' ');
INSERT INTO public.subjects_spo (id, name) OVERRIDING SYSTEM VALUE VALUES (10, '  ');
INSERT INTO public.subjects_spo (id, name) OVERRIDING SYSTEM VALUE VALUES (11, ' ');
INSERT INTO public.subjects_spo (id, name) OVERRIDING SYSTEM VALUE VALUES (12, '   ');
INSERT INTO public.subjects_spo (id, name) OVERRIDING SYSTEM VALUE VALUES (13, '  ');
INSERT INTO public.subjects_spo (id, name) OVERRIDING SYSTEM VALUE VALUES (14, '  ');
INSERT INTO public.subjects_spo (id, name) OVERRIDING SYSTEM VALUE VALUES (15, '');
INSERT INTO public.subjects_spo (id, name) OVERRIDING SYSTEM VALUE VALUES (16, '  ');
INSERT INTO public.subjects_spo (id, name) OVERRIDING SYSTEM VALUE VALUES (17, ' ');
INSERT INTO public.subjects_spo (id, name) OVERRIDING SYSTEM VALUE VALUES (18, ' ');
INSERT INTO public.subjects_spo (id, name) OVERRIDING SYSTEM VALUE VALUES (19, ' ');
INSERT INTO public.subjects_spo (id, name) OVERRIDING SYSTEM VALUE VALUES (20, ' ');
INSERT INTO public.subjects_spo (id, name) OVERRIDING SYSTEM VALUE VALUES (21, '  ');
INSERT INTO public.subjects_spo (id, name) OVERRIDING SYSTEM VALUE VALUES (22, '');
INSERT INTO public.subjects_spo (id, name) OVERRIDING SYSTEM VALUE VALUES (23, '   ');


--
-- TOC entry 3416 (class 0 OID 0)
-- Dependencies: 224
-- Name: ege_program_id_seq; Type: SEQUENCE SET; Schema: public; Owner: postgres
--

SELECT pg_catalog.setval('public.ege_program_id_seq', 400, true);


--
-- TOC entry 3417 (class 0 OID 0)
-- Dependencies: 212
-- Name: professions_id_seq; Type: SEQUENCE SET; Schema: public; Owner: postgres
--

SELECT pg_catalog.setval('public.professions_id_seq', 1196, true);


--
-- TOC entry 3418 (class 0 OID 0)
-- Dependencies: 214
-- Name: programs_program_id_seq; Type: SEQUENCE SET; Schema: public; Owner: postgres
--

SELECT pg_catalog.setval('public.programs_program_id_seq', 310, true);


--
-- TOC entry 3419 (class 0 OID 0)
-- Dependencies: 225
-- Name: spo_profile_id_seq; Type: SEQUENCE SET; Schema: public; Owner: postgres
--

SELECT pg_catalog.setval('public.spo_profile_id_seq', 255, true);


--
-- TOC entry 3420 (class 0 OID 0)
-- Dependencies: 223
-- Name: subjects_spo_id_seq; Type: SEQUENCE SET; Schema: public; Owner: postgres
--

SELECT pg_catalog.setval('public.subjects_spo_id_seq', 23, true);


--
-- TOC entry 3237 (class 2606 OID 16461)
-- Name: profiles PK; Type: CONSTRAINT; Schema: public; Owner: postgres
--

ALTER TABLE ONLY public.profiles
    ADD CONSTRAINT "PK" PRIMARY KEY (id);


--
-- TOC entry 3241 (class 2606 OID 16478)
-- Name: ege_profile ege_profile_pkey; Type: CONSTRAINT; Schema: public; Owner: postgres
--

ALTER TABLE ONLY public.ege_profile
    ADD CONSTRAINT ege_profile_pkey PRIMARY KEY (id);


--
-- TOC entry 3235 (class 2606 OID 16454)
-- Name: groups_name groups_name_pkey; Type: CONSTRAINT; Schema: public; Owner: postgres
--

ALTER TABLE ONLY public.groups_name
    ADD CONSTRAINT groups_name_pkey PRIMARY KEY ("group");


--
-- TOC entry 3223 (class 2606 OID 16413)
-- Name: groups groups_pkey; Type: CONSTRAINT; Schema: public; Owner: postgres
--

ALTER TABLE ONLY public.groups
    ADD CONSTRAINT groups_pkey PRIMARY KEY (group_id);


--
-- TOC entry 3225 (class 2606 OID 16415)
-- Name: popular_public popular_public_pkey; Type: CONSTRAINT; Schema: public; Owner: postgres
--

ALTER TABLE ONLY public.popular_public
    ADD CONSTRAINT popular_public_pkey PRIMARY KEY (public);


--
-- TOC entry 3227 (class 2606 OID 16417)
-- Name: professions professions_pkey; Type: CONSTRAINT; Schema: public; Owner: postgres
--

ALTER TABLE ONLY public.professions
    ADD CONSTRAINT professions_pkey PRIMARY KEY (id);


--
-- TOC entry 3229 (class 2606 OID 16419)
-- Name: programs programs_pkey; Type: CONSTRAINT; Schema: public; Owner: postgres
--

ALTER TABLE ONLY public.programs
    ADD CONSTRAINT programs_pkey PRIMARY KEY (program_id);


--
-- TOC entry 3231 (class 2606 OID 16421)
-- Name: questions questions_pkey; Type: CONSTRAINT; Schema: public; Owner: postgres
--

ALTER TABLE ONLY public.questions
    ADD CONSTRAINT questions_pkey PRIMARY KEY (questions, program_id);


--
-- TOC entry 3245 (class 2606 OID 16500)
-- Name: spo_profile spo_program_pkey; Type: CONSTRAINT; Schema: public; Owner: postgres
--

ALTER TABLE ONLY public.spo_profile
    ADD CONSTRAINT spo_program_pkey PRIMARY KEY (id);


--
-- TOC entry 3239 (class 2606 OID 16473)
-- Name: subjects_ege subjects_ege_pkey; Type: CONSTRAINT; Schema: public; Owner: postgres
--

ALTER TABLE ONLY public.subjects_ege
    ADD CONSTRAINT subjects_ege_pkey PRIMARY KEY (id);


--
-- TOC entry 3233 (class 2606 OID 16423)
-- Name: subjects subjects_pkey; Type: CONSTRAINT; Schema: public; Owner: postgres
--

ALTER TABLE ONLY public.subjects
    ADD CONSTRAINT subjects_pkey PRIMARY KEY (subject, program_id);


--
-- TOC entry 3243 (class 2606 OID 16495)
-- Name: subjects_spo subjects_spo_pkey; Type: CONSTRAINT; Schema: public; Owner: postgres
--

ALTER TABLE ONLY public.subjects_spo
    ADD CONSTRAINT subjects_spo_pkey PRIMARY KEY (id);


--
-- TOC entry 3249 (class 2606 OID 16462)
-- Name: profiles FK; Type: FK CONSTRAINT; Schema: public; Owner: postgres
--

ALTER TABLE ONLY public.profiles
    ADD CONSTRAINT "FK" FOREIGN KEY (program_id) REFERENCES public.programs(program_id) NOT VALID;


--
-- TOC entry 3250 (class 2606 OID 16479)
-- Name: ege_profile fk_ege; Type: FK CONSTRAINT; Schema: public; Owner: postgres
--

ALTER TABLE ONLY public.ege_profile
    ADD CONSTRAINT fk_ege FOREIGN KEY (ege_id) REFERENCES public.subjects_ege(id) NOT VALID;


--
-- TOC entry 3251 (class 2606 OID 16520)
-- Name: ege_profile fk_profile; Type: FK CONSTRAINT; Schema: public; Owner: postgres
--

ALTER TABLE ONLY public.ege_profile
    ADD CONSTRAINT fk_profile FOREIGN KEY (profile_id) REFERENCES public.profiles(id) NOT VALID;


--
-- TOC entry 3252 (class 2606 OID 16525)
-- Name: spo_profile fk_profile; Type: FK CONSTRAINT; Schema: public; Owner: postgres
--

ALTER TABLE ONLY public.spo_profile
    ADD CONSTRAINT fk_profile FOREIGN KEY (profile_id) REFERENCES public.profiles(id) NOT VALID;


--
-- TOC entry 3253 (class 2606 OID 16501)
-- Name: spo_profile fk_spo; Type: FK CONSTRAINT; Schema: public; Owner: postgres
--

ALTER TABLE ONLY public.spo_profile
    ADD CONSTRAINT fk_spo FOREIGN KEY (spo_id) REFERENCES public.subjects_spo(id);


--
-- TOC entry 3246 (class 2606 OID 16424)
-- Name: professions professions_program_id_fkey; Type: FK CONSTRAINT; Schema: public; Owner: postgres
--

ALTER TABLE ONLY public.professions
    ADD CONSTRAINT professions_program_id_fkey FOREIGN KEY (program_id) REFERENCES public.programs(program_id) NOT VALID;


--
-- TOC entry 3248 (class 2606 OID 16429)
-- Name: subjects program_id; Type: FK CONSTRAINT; Schema: public; Owner: postgres
--

ALTER TABLE ONLY public.subjects
    ADD CONSTRAINT program_id FOREIGN KEY (program_id) REFERENCES public.programs(program_id) NOT VALID;


--
-- TOC entry 3247 (class 2606 OID 16434)
-- Name: questions program_id; Type: FK CONSTRAINT; Schema: public; Owner: postgres
--

ALTER TABLE ONLY public.questions
    ADD CONSTRAINT program_id FOREIGN KEY (program_id) REFERENCES public.programs(program_id);


--
-- TOC entry 3415 (class 0 OID 0)
-- Dependencies: 4
-- Name: SCHEMA public; Type: ACL; Schema: -; Owner: postgres
--

REVOKE USAGE ON SCHEMA public FROM PUBLIC;
GRANT ALL ON SCHEMA public TO PUBLIC;


-- Completed on 2024-05-18 12:48:28

--
-- PostgreSQL database dump complete
--

